"date","new_cases","PCR","TestAc","activos","hospitalized","hospitalized_new","hospitalized_accumulated","intensive_care","deceased","cases_accumulated","cases_accumulated_PCR","recovered","cases_14days","cases_7days","cases_PCR_14days","cases_PCR_7days","daily_cases","daily_cases_avg7","daily_cases_PCR","daily_cases_PCR_avg7","daily_deaths","daily_deaths_inc","daily_deaths_avg3","daily_deaths_avg7","deaths_last_week"
2020-01-01,0,0,0,0,0,0,0,0,0,0,0,0,NA,NA,NA,NA,NA,NA,0,NA,NA,NA,NA,NA,NA
2020-01-02,0,0,0,0,0,0,0,0,0,0,0,0,NA,NA,NA,NA,0,NA,0,NA,0,NA,NA,NA,NA
2020-01-03,0,0,0,0,0,0,0,0,0,0,0,0,NA,NA,NA,NA,0,NA,0,NA,0,NA,NA,NA,NA
2020-01-04,0,0,0,0,0,0,0,0,0,0,0,0,NA,NA,NA,NA,0,NA,0,NA,0,NA,0,NA,NA
2020-01-05,0,0,0,0,0,0,0,0,0,0,0,0,NA,NA,NA,NA,0,NA,0,NA,0,NA,0,NA,NA
2020-01-06,0,0,0,0,0,0,0,0,0,0,0,0,NA,NA,NA,NA,0,NA,0,NA,0,NA,0,NA,NA
2020-01-07,0,0,0,0,0,0,0,0,0,0,0,0,NA,NA,NA,NA,0,NA,0,0,0,NA,0,NA,NA
2020-01-08,0,0,0,0,0,0,0,0,0,0,0,0,NA,0,NA,0,0,0,0,0,0,NA,0,0,0
2020-01-09,0,0,0,0,0,0,0,0,0,0,0,0,NA,0,NA,0,0,0,0,0,0,NA,0,0,0
2020-01-10,0,0,0,0,0,0,0,0,0,0,0,0,NA,0,NA,0,0,0,0,0,0,NA,0,0,0
2020-01-11,0,0,0,0,0,0,0,0,0,0,0,0,NA,0,NA,0,0,0,0,0,0,NA,0,0,0
2020-01-12,0,0,0,0,0,0,0,0,0,0,0,0,NA,0,NA,0,0,0,0,0,0,NA,0,0,0
2020-01-13,0,0,0,0,0,0,0,0,0,0,0,0,NA,0,NA,0,0,0,0,0,0,NA,0,0,0
2020-01-14,0,0,0,0,0,0,0,0,0,0,0,0,NA,0,NA,0,0,0,0,0,0,NA,0,0,0
2020-01-15,0,0,0,0,0,0,0,0,0,0,0,0,0,0,0,0,0,0,0,0,0,NA,0,0,0
2020-01-16,0,0,0,0,0,0,0,0,0,0,0,0,0,0,0,0,0,0,0,0,0,NA,0,0,0
2020-01-17,0,0,0,0,0,0,0,0,0,0,0,0,0,0,0,0,0,0,0,0,0,NA,0,0,0
2020-01-18,0,0,0,0,0,0,0,0,0,0,0,0,0,0,0,0,0,0,0,0,0,NA,0,0,0
2020-01-19,0,0,0,0,0,0,0,0,0,0,0,0,0,0,0,0,0,0,0,0,0,NA,0,0,0
2020-01-20,0,0,0,0,0,0,0,0,0,0,0,0,0,0,0,0,0,0,0,0,0,NA,0,0,0
2020-01-21,0,0,0,0,0,0,0,0,0,0,0,0,0,0,0,0,0,0,0,0,0,NA,0,0,0
2020-01-22,0,0,0,0,0,0,0,0,0,0,0,0,0,0,0,0,0,0,0,0,0,NA,0,0,0
2020-01-23,0,0,0,0,0,0,0,0,0,0,0,0,0,0,0,0,0,0,0,0,0,NA,0,0,0
2020-01-24,0,0,0,0,0,0,0,0,0,0,0,0,0,0,0,0,0,0,0,0,0,NA,0,0,0
2020-01-25,0,0,0,0,0,0,0,0,0,0,0,0,0,0,0,0,0,0,0,0,0,NA,0,0,0
2020-01-26,0,0,0,0,0,0,0,0,0,0,0,0,0,0,0,0,0,0,0,0,0,NA,0,0,0
2020-01-27,0,0,0,0,0,0,0,0,0,0,0,0,0,0,0,0,0,0,0,0,0,NA,0,0,0
2020-01-28,0,0,0,0,0,0,0,0,0,0,0,0,0,0,0,0,0,0,0,0,0,NA,0,0,0
2020-01-29,0,0,0,0,0,0,0,0,0,0,0,0,0,0,0,0,0,0,0,0,0,NA,0,0,0
2020-01-30,0,0,0,0,0,0,0,0,0,0,0,0,0,0,0,0,0,0,0,0,0,NA,0,0,0
2020-01-31,0,0,0,0,0,0,0,0,0,0,0,0,0,0,0,0,0,0,0,0,0,NA,0,0,0
2020-02-01,0,0,0,0,0,0,0,0,0,0,0,0,0,0,0,0,0,0,0,0,0,NA,0,0,0
2020-02-02,0,0,0,0,0,0,0,0,0,0,0,0,0,0,0,0,0,0,0,0,0,NA,0,0,0
2020-02-03,0,0,0,0,0,0,0,0,0,0,0,0,0,0,0,0,0,0,0,0,0,NA,0,0,0
2020-02-04,0,0,0,0,0,0,0,0,0,0,0,0,0,0,0,0,0,0,0,0,0,NA,0,0,0
2020-02-05,0,0,0,0,0,0,0,0,0,0,0,0,0,0,0,0,0,0,0,0,0,NA,0,0,0
2020-02-06,0,0,0,0,0,0,0,0,0,0,0,0,0,0,0,0,0,0,0,0,0,NA,0,0,0
2020-02-07,0,0,0,0,0,0,0,0,0,0,0,0,0,0,0,0,0,0,0,0,0,NA,0,0,0
2020-02-08,0,0,0,0,0,0,0,0,0,0,0,0,0,0,0,0,0,0,0,0,0,NA,0,0,0
2020-02-09,1,0,0,0,0,0,0,0,0,1,0,0,1,1,0,0,1,0.1,0,0,0,NA,0,0,0
2020-02-10,0,0,0,0,0,0,0,0,0,1,0,0,1,1,0,0,0,0.1,0,0,0,NA,0,0,0
2020-02-11,0,0,0,0,0,0,0,0,0,1,0,0,1,1,0,0,0,0.1,0,0,0,NA,0,0,0
2020-02-12,0,0,0,0,0,0,0,0,0,1,0,0,1,1,0,0,0,0.1,0,0,0,NA,0,0,0
2020-02-13,0,0,0,0,0,0,0,0,0,1,0,0,1,1,0,0,0,0.1,0,0,0,NA,0,0,0
2020-02-14,0,0,0,0,0,0,0,0,0,1,0,0,1,1,0,0,0,0.1,0,0,0,NA,0,0,0
2020-02-15,0,0,0,0,0,0,0,0,0,1,0,0,1,1,0,0,0,0.1,0,0,0,NA,0,0,0
2020-02-16,0,0,0,0,0,0,0,0,0,1,0,0,1,0,0,0,0,0,0,0,0,NA,0,0,0
2020-02-17,0,0,0,0,0,0,0,0,0,1,0,0,1,0,0,0,0,0,0,0,0,NA,0,0,0
2020-02-18,0,0,0,0,0,0,0,0,0,1,0,0,1,0,0,0,0,0,0,0,0,NA,0,0,0
2020-02-19,0,0,0,0,0,0,0,0,0,1,0,0,1,0,0,0,0,0,0,0,0,NA,0,0,0
2020-02-20,0,0,0,0,0,0,0,0,0,2,1,0,2,1,1,1,1,0.1,1,0.1,0,NA,0,0,0
2020-02-21,0,0,0,0,0,0,0,0,0,2,1,0,2,1,1,1,0,0.1,0,0.1,0,NA,0,0,0
2020-02-22,0,0,0,0,0,0,0,0,0,1,1,0,1,0,1,1,-1,0,0,0.1,0,NA,0,0,0
2020-02-23,0,0,0,0,0,0,0,0,0,1,1,0,0,0,1,1,0,0,0,0.1,0,NA,0,0,0
2020-02-24,0,0,0,0,0,0,0,0,0,1,1,0,0,0,1,1,0,0,0,0.1,0,NA,0,0,0
2020-02-25,0,0,0,0,0,0,0,0,0,4,4,0,3,3,4,4,3,0.4,3,0.6,0,NA,0,0,0
2020-02-26,1,0,0,0,0,0,0,0,0,9,10,0,8,8,10,10,5,1.1,6,1.4,0,NA,0,0,0
2020-02-27,8,3,0,3,0,0,0,0,0,21,18,0,20,19,18,17,12,2.7,8,2.4,0,NA,0,0,0
2020-02-28,3,1,0,4,0,0,0,0,0,34,32,0,33,32,32,31,13,4.6,14,4.4,0,NA,0,0,0
2020-02-29,5,2,0,5,1,0,0,0,0,50,47,0,49,49,47,46,16,7,15,6.6,0,NA,0,0,0
2020-03-01,6,1,0,0,374,0,0,11,0,83,75,0,82,82,75,74,33,11.7,28,10.6,0,NA,0,0,0
2020-03-02,13,13,0,0,364,1,1,14,0,143,136,0,142,142,136,135,60,20.3,61,19.3,0,NA,0,0,0
2020-03-03,11,10,0,5,375,1,1,15,0,217,205,0,216,213,205,201,74,30.4,69,28.7,0,NA,0,0,0
2020-03-04,5,7,0,4,388,1,1,16,1,298,292,0,297,289,292,282,81,41.3,87,40.3,1,Inf,0.3,0.1,1
2020-03-05,36,21,0,6,389,4,4,16,2,474,451,0,472,453,450,433,176,64.7,159,61.9,1,100,0.7,0.3,2
2020-03-06,41,20,0,20,372,9,9,16,5,757,704,0,755,723,703,672,283,103.3,253,96,3,150,1.7,0.7,5
2020-03-07,48,17,0,25,403,12,12,17,11,1066,992,0,1065,1016,991,945,309,145.1,288,135,6,120,3.3,1.6,11
2020-03-08,51,8,0,33,428,20,20,19,25,1442,1325,0,1441,1359,1324,1250,376,194.1,333,178.6,14,127.3,7.7,3.6,25
2020-03-09,82,96,0,45,453,25,25,19,36,2182,2035,0,2181,2039,2034,1899,740,291.3,710,271.3,11,44,10.3,5.1,36
2020-03-10,141,171,0,58,484,60,60,26,54,3233,3045,0,3229,3016,3041,2840,1051,430.9,1010,405.7,18,50,14.3,7.7,54
2020-03-11,215,223,0,84,515,82,82,32,93,4403,4177,0,4394,4105,4167,3885,1170,586.4,1132,555,39,72.2,22.7,13.1,92
2020-03-12,309,386,0,112,568,87,87,39,138,5856,5523,0,5835,5382,5505,5072,1453,768.9,1346,724.6,45,48.4,34,19.4,136
2020-03-13,679,588,0,148,1888,104,104,219,197,8142,7248,0,8108,7385,7216,6544,2286,1055,1725,934.9,59,42.8,47.7,27.4,192
2020-03-14,809,396,0,212,2132,140,140,231,386,10205,8710,0,10155,9139,8663,7718,2063,1305.6,1462,1102.6,189,95.9,97.7,53.6,375
2020-03-15,974,508,0,243,2989,196,196,317,448,12312,10211,0,12229,10870,10136,8886,2107,1552.9,1501,1269.4,62,16.1,103.3,60.4,423
2020-03-16,1106,1374,0,299,3067,251,251,343,671,15661,13075,0,15518,13479,12939,11040,3349,1925.6,2864,1577.1,223,49.8,158,90.7,635
2020-03-17,1231,1189,0,358,4612,321,321,479,793,19584,16501,0,19367,16351,16296,13456,3923,2335.9,3426,1922.3,122,18.2,135.7,105.6,739
2020-03-18,1802,1464,0,442,5132,438,438,676,1016,23874,20032,0,23576,19471,19740,15855,4290,2781.6,3531,2265,223,28.1,189.3,131.9,923
2020-03-19,2087,1572,0,3446,6779,536,536,824,1318,29103,23993,0,28629,23247,23542,18470,5229,3321,3961,2638.6,302,29.7,215.7,168.6,1180
2020-03-20,2062,1763,0,4370,8256,666,666,963,1698,35000,28488,0,34243,26858,27784,21240,5897,3836.9,4495,3034.3,380,28.8,301.7,214.4,1501
2020-03-21,1929,1216,0,5216,9686,808,808,1112,2125,39630,31753,0,38564,29425,30761,23043,4630,4203.6,3265,3291.9,427,25.1,369.7,248.4,1739
2020-03-22,1719,1101,0,5733,11176,983,983,1267,2638,43656,34690,0,42214,31344,33365,24479,4026,4477.7,2937,3497,513,24.1,440,312.9,2190
2020-03-23,2761,2478,0,6594,12961,1173,1173,1521,3238,50866,40338,0,48684,35205,38303,27263,7210,5029.3,5648,3894.7,600,22.7,513.3,366.7,2567
2020-03-24,3830,2151,0,7254,14687,1425,1425,1849,4018,58560,45976,0,55327,38976,42931,29475,7694,5568,5638,4210.7,780,24.1,631,460.7,3225
2020-03-25,3993,2077,0,9794,16126,2236,2236,2091,4765,67860,51631,0,63457,43986,47454,31599,9300,6283.7,5655,4514.1,747,18.6,709,535.6,3749
2020-03-26,4434,2091,0,11216,18035,2636,2636,2306,5642,77048,57902,0,71192,47945,52379,33909,9188,6849.3,6271,4844.1,877,18.4,801.3,617.7,4324
2020-03-27,3812,1801,0,8764,19723,3066,3066,2466,6606,84712,62765,0,76570,49712,55517,34277,7664,7101.7,4863,4896.7,964,17.1,862.7,701.1,4908
2020-03-28,3831,1303,0,13143,22134,3415,3415,2845,7663,92892,65713,0,82687,53262,57003,33960,8180,7608.9,2948,4851.4,1057,16,966,791.1,5538
2020-03-29,3676,1173,0,11432,25880,3673,3673,2980,8642,99026,68166,0,86714,55370,57955,33476,6134,7910,2453,4782.3,979,12.8,1000,857.7,6004
2020-03-30,3311,2088,0,14599,26622,4068,4068,3391,9582,106496,73297,0,90835,55630,60222,32959,7470,7947.1,5131,4708.4,940,10.9,992,906.3,6344
2020-03-31,3976,1596,0,15190,27280,4354,4354,3221,10649,113267,77340,0,93683,54707,60839,31364,6771,7815.3,4043,4480.6,1067,11.1,995.3,947.3,6631
2020-04-01,4685,1484,0,21161,28405,4672,4672,3388,11670,120399,81176,0,96525,52539,61144,29545,7132,7505.6,3836,4220.7,1021,9.6,1009.3,986.4,6905
2020-04-02,3489,1467,0,17710,28311,5015,5015,3468,12756,127167,85043,0,98064,50119,61050,27141,6768,7159.9,3867,3877.3,1086,9.3,1058,1016.3,7114
2020-04-03,3227,1491,12,6024,27943,5332,5332,3445,13767,134000,88882,0,99000,49288,60394,26117,6833,7041.1,3839,3731,1011,7.9,1039.3,1023,7161
2020-04-04,2858,818,13,7519,27518,5566,5566,3447,14689,138938,91059,0,99308,46046,59306,25346,4938,6578,2177,3620.9,922,6.7,1006.3,1003.7,7026
2020-04-05,2112,633,14,6073,27321,5761,5761,3449,15541,142633,92642,0,98977,43607,57952,24476,3695,6229.6,1583,3496.6,852,5.8,928.3,985.6,6899
2020-04-06,2205,1463,20,8813,26899,5986,5986,3453,16461,147708,96159,0,96842,41212,55821,22862,5075,5887.4,3517,3266,920,5.9,898,982.7,6879
2020-04-07,2520,1271,30,6190,25923,6144,6144,3413,17369,152782,99348,0,94222,39515,53372,22008,5074,5645,3189,3144,908,5.5,893.3,960,6720
2020-04-08,2535,1299,75,6097,24774,6305,6305,3321,18337,158296,102566,0,90436,37897,50935,21390,5514,5413.9,3218,3055.7,968,5.6,932,952.4,6667
2020-04-09,2839,1307,96,6104,23784,6548,6548,3277,19207,163487,105347,0,86439,36320,47445,20304,5191,5188.6,2781,2900.6,870,4.7,915.3,921.6,6451
2020-04-10,2757,1126,384,6237,22827,6722,6722,3190,20003,168811,107837,0,84099,34811,45072,18955,5324,4973,2490,2707.9,796,4.1,878,890.9,6236
2020-04-11,2167,815,454,6339,21906,6890,6890,3147,20808,172599,109624,0,79707,33661,43911,18565,3788,4808.7,1787,2652.1,805,4,823.7,874.1,6119
2020-04-12,2263,531,465,6316,21192,7029,7029,3076,21497,175636,110852,0,76610,33003,42686,18210,3037,4714.7,1228,2601.4,689,3.3,763.3,850.9,5956
2020-04-13,2132,755,504,6311,20860,7154,7154,3035,22184,179347,113018,0,72851,31639,39721,16859,3711,4519.9,2166,2408.4,687,3.2,727,817.6,5723
2020-04-14,2656,1147,607,6323,19993,7278,7278,2971,22911,183818,115790,0,70551,31036,38450,16442,4471,4433.7,2772,2348.9,727,3.3,701,791.7,5542
2020-04-15,2850,1233,690,6380,18836,7394,7394,2853,23619,188347,121041,0,67948,30051,39865,18475,4529,4293,5251,2639.3,708,3.1,707.3,754.6,5282
2020-04-16,3186,1143,912,6369,17990,7539,7539,2619,24298,193141,123533,0,65974,29654,38490,18186,4794,4236.3,2492,2598,679,2.9,704.7,727.3,5091
2020-04-17,3696,1492,1305,6407,16968,7696,7696,2542,24913,198479,126148,0,64479,29668,37266,18311,5338,4238.3,2615,2615.9,615,2.5,667.3,701.4,4910
2020-04-18,2336,713,3931,11441,16236,7854,7854,2478,25520,204479,127639,0,65541,31880,36580,18015,6000,4554.3,1491,2573.6,607,2.4,633.7,673.1,4712
2020-04-19,1513,438,4198,11237,15754,7931,7931,2492,26044,206665,128461,0,64032,31029,35819,17609,2186,4432.7,822,2515.6,524,2.1,582,649.6,4547
2020-04-20,1906,851,4436,11164,15538,8016,8016,2436,26539,209713,130288,0,62005,30366,34129,17270,3048,4338,1827,2467.1,495,1.9,542,622.1,4355
2020-04-21,2247,870,4980,11053,15060,8105,46093,2359,27047,213457,132230,0,60675,29639,32882,16440,3744,4234.1,1942,2348.6,508,1.9,509,590.9,4136
2020-04-22,2858,873,5658,10508,13729,8531,46519,2221,27538,218034,134242,0,59738,29687,31676,13201,4577,4241,2012,1885.9,491,1.8,498,559.9,3919
2020-04-23,2674,696,6088,10153,12728,8599,46941,2171,27966,221856,135788,0,58369,28715,30441,12255,3822,4102.1,1546,1750.7,428,1.6,475.7,524,3668
2020-04-24,2730,640,6423,20676,12826,8623,47313,2266,28406,225575,137495,0,56764,27096,29658,11347,3719,3870.9,1707,1621,440,1.6,453,499,3493
2020-04-25,2077,332,6595,20838,12330,8666,47659,2213,28777,228308,138392,0,55709,23829,28768,10753,2733,3404.1,897,1536.1,371,1.3,413,465.3,3257
2020-04-26,1687,266,6981,20918,12137,8600,47888,2168,29104,230719,138940,0,55083,24054,28088,10479,2411,3436.3,548,1497,327,1.1,379.3,437.1,3060
2020-04-27,1574,334,7447,20856,11717,8611,48083,2147,29403,233558,140333,0,54211,23845,27315,10045,2839,3406.4,1393,1435,299,1,332.3,409.1,2864
2020-04-28,1698,451,8023,19763,11158,8724,48358,2000,29744,236967,141881,0,53149,23510,26091,9651,3409,3358.6,1548,1378.7,341,1.2,322.3,385.3,2697
2020-04-29,1592,468,8524,21300,10625,8797,48647,1925,30057,240220,143335,0,51873,22186,22294,9093,3253,3169.4,1454,1299,313,1.1,317.7,359.9,2519
2020-04-30,1701,327,8947,20015,9856,8836,48912,1850,30338,243593,144477,0,50452,21737,20944,8689,3373,3105.3,1142,1241.3,281,0.9,311.7,338.9,2372
2020-05-01,1552,228,9023,20268,10759,8813,49106,2172,30616,245930,145088,0,47451,20355,18940,7593,2337,2907.9,611,1084.7,278,0.9,290.7,315.7,2210
2020-05-02,1122,165,9064,20656,10770,8818,49275,2208,30850,247710,145502,0,43231,19402,17863,7110,1780,2771.7,414,1015.7,234,0.8,264.3,296.1,2073
2020-05-03,741,76,9086,20799,10748,8852,49449,2147,32262,248817,145820,0,42152,18098,17359,6880,1107,2585.4,318,982.9,1412,4.6,641.3,451.1,3158
2020-05-04,567,227,9381,20929,10288,8850,49591,2034,32481,250079,146875,0,40366,16521,16587,6542,1262,2360.1,1055,934.6,219,0.7,621.7,439.7,3078
2020-05-05,748,224,9718,16886,9886,8958,49809,1961,32736,252317,160209,0,38860,15350,27979,18328,2238,2192.9,13334,2618.3,255,0.8,628.7,427.4,2992
2020-05-06,963,243,10118,17276,9147,8941,49972,1851,32998,255591,161283,0,37557,15371,27041,17948,3274,2195.9,1074,2564,262,0.8,245.3,420.1,2941
2020-05-07,1057,239,10450,17615,8680,8989,50148,1772,33233,258276,162181,0,36420,14683,26393,17704,2685,2097.6,898,2529.1,235,0.7,250.7,413.6,2895
2020-05-08,940,255,10730,17740,8082,9004,50308,1711,33463,260677,163096,0,35102,14747,25601,18008,2401,2106.7,915,2572.6,230,0.7,242.3,406.7,2847
2020-05-09,1068,196,10835,18009,7683,9011,50447,1635,33676,262622,163485,0,34314,14912,25093,17983,1945,2130.3,389,2569,213,0.6,226,403.7,2826
2020-05-10,891,98,10865,18256,7557,8993,50552,1608,33828,263864,163774,0,33145,15047,24834,17954,1242,2149.6,289,2564.9,152,0.5,198.3,223.7,1566
2020-05-11,466,220,11025,18353,7313,9007,50657,1539,34016,265260,164640,0,31702,15181,24307,17765,1396,2168.7,866,2537.9,188,0.6,184.3,219.3,1535
2020-05-12,419,305,11460,18457,6919,9063,50798,1461,34167,266952,165555,0,29985,14635,23674,5346,1692,2090.7,915,763.7,151,0.4,163.7,204.4,1431
2020-05-13,341,290,11617,18405,6486,9073,50929,1406,34319,268569,166506,0,28349,12978,23171,5223,1617,1854,951,746.1,152,0.4,163.7,188.7,1321
2020-05-14,156,268,11901,3125,6070,9084,51046,1327,34433,269994,194752,0,26401,11718,50275,32571,1425,1674,28246,4653,114,0.3,139,171.4,1200
2020-05-15,170,300,12326,3114,5696,9109,51166,1371,34556,271292,208325,0,25362,10615,63237,45229,1298,1516.4,13573,6461.3,123,0.4,129.7,156.1,1093
2020-05-16,138,247,12401,3105,5485,9093,51250,1331,34643,271976,208743,0,24266,9354,63241,45258,684,1336.3,418,6465.4,87,0.3,108,138.1,967
2020-05-17,135,139,12442,3083,5443,9091,51318,1320,34711,272340,209073,0,23523,8476,63253,45299,364,1210.9,330,6471.3,68,0.2,92.7,126.1,883
2020-05-18,53,284,12450,3031,5258,9106,51389,1280,34803,272845,234627,0,22766,7585,87752,69987,505,1083.6,25554,9998.1,92,0.3,82.3,112.4,787
2020-05-19,48,324,12451,1796,4882,9148,51498,1208,34875,263273,241108,0,10956,-3679,80899,75553,-9572,-525.6,6481,10793.3,72,0.2,77.3,101.1,708
2020-05-20,58,339,12460,1586,4594,9027,51469,1145,34982,256476,242202,0,885,-12093,80919,75696,-6797,-1727.6,1094,10813.7,107,0.3,90.3,94.7,663
2020-05-21,68,417,0,1546,4268,2505,45002,759,35042,257238,243248,0,-1038,-12756,81067,48496,762,-1822.3,1046,6928,60,0.2,79.7,87,609
2020-05-22,72,382,0,1516,3972,2493,45066,691,35133,257810,244323,0,-2867,-13482,81227,35998,572,-1926,1075,5142.6,91,0.3,86,82.4,577
2020-05-23,76,178,0,1490,3784,2498,45130,693,35214,258152,244792,0,-4470,-13824,81307,36049,342,-1974.9,469,5149.9,81,0.2,77.3,81.6,571
2020-05-24,65,180,0,1489,3739,2491,45183,675,35272,259023,245191,0,-4841,-13317,81417,36118,871,-1902.4,399,5159.7,58,0.2,76.7,80.1,561
2020-05-25,53,243,0,1437,3660,2500,45244,654,35337,259385,245908,0,-5875,-13460,81268,11281,362,-1922.9,717,1611.6,65,0.2,68,76.3,534
2020-05-26,37,255,0,1021,3498,2505,45308,616,35412,259900,246862,0,-7052,-3373,81307,5754,515,-481.9,954,822,75,0.2,66,76.7,537
2020-05-27,47,240,0,979,3273,2512,45374,579,35465,266987,247872,0,-1582,10511,81366,5670,7087,1501.6,1010,810,53,0.1,64.3,69,483
2020-05-28,70,301,0,740,3073,2508,45436,517,35528,268289,248867,0,-1705,11051,54115,5619,1302,1578.7,995,802.7,63,0.2,63.7,69.4,486
2020-05-29,78,341,0,1564,2864,2499,45486,507,35756,269409,249857,0,-1883,11599,41532,5534,1120,1657,990,790.6,228,0.6,114.7,89,623
2020-05-30,66,189,0,1502,2797,2506,45536,508,35833,269993,250353,0,-1983,11841,41610,5561,584,1691.6,496,794.4,77,0.2,122.7,88.4,619
2020-05-31,59,109,0,1488,2801,2489,45565,511,35876,270361,250709,0,-1979,11338,41636,5518,368,1619.7,356,788.3,43,0.1,116,86.3,604
2020-06-01,52,136,0,1446,2708,2499,45602,503,35912,271051,251378,0,-1794,11666,16751,5470,690,1666.6,669,781.4,36,0.1,52,82.1,575
2020-06-02,25,202,0,1506,2508,2522,45660,475,35934,272106,254343,0,8833,12206,13235,7481,1055,1743.7,2965,1068.7,22,0.1,33.7,74.6,522
2020-06-03,37,205,0,1481,2304,2502,45696,431,36010,272982,255245,0,16506,5995,13043,7373,876,856.4,902,1053.3,76,0.2,44.7,77.9,545
2020-06-04,58,208,0,349,2161,2488,45715,406,34943,283252,256073,0,26014,14963,12825,7206,10270,2137.6,828,1029.4,-1067,-3,-323,-83.6,-585
2020-06-05,35,257,0,313,1990,2496,45743,398,34985,284370,256982,0,26560,14961,12659,7125,1118,2137.3,909,1017.9,42,0.1,-316.3,-110.1,-771
2020-06-06,68,136,0,315,1943,2496,45767,391,35020,284839,257468,0,26687,14846,12676,7115,469,2120.9,486,1016.4,35,0.1,-330,-116.1,-813
2020-06-07,59,107,0,312,1965,2492,45783,401,35052,285625,258130,0,26602,15264,12939,7421,786,2180.6,662,1060.1,32,0.1,36.3,-117.7,-824
2020-06-08,22,191,0,1040,1916,2493,45799,382,35077,286340,258738,0,26955,15289,12830,7360,715,2184.1,608,1051.4,25,0.1,30.7,-119.3,-835
2020-06-09,22,195,0,975,1836,2512,45832,335,35118,287117,259412,0,27217,15011,12550,5069,777,2144.4,674,724.1,41,0.1,32.7,-116.6,-816
2020-06-10,32,206,0,940,1740,2506,45854,339,35151,287920,260114,0,20933,14938,12242,4869,803,2134,702,695.6,33,0.1,33,-122.7,-859
2020-06-11,35,170,0,910,1614,2510,45876,322,35188,288744,260818,0,20455,5492,11951,4745,824,784.6,704,677.9,37,0.1,37,35,245
2020-06-12,43,190,0,266,1505,2510,45897,314,35201,289654,261621,0,20245,5284,11764,4639,910,754.9,803,662.7,13,0,27.7,30.9,216
2020-06-13,4,87,0,270,1498,2512,45915,281,35213,289993,261886,0,20000,5154,11533,4418,339,736.3,265,631.1,12,0,20.7,27.6,193
2020-06-14,2,144,0,267,1500,2504,45926,276,35233,290151,262025,0,19790,4526,11316,3895,158,646.6,139,556.4,20,0.1,15,25.9,181
2020-06-15,11,129,0,842,1491,2509,45942,289,36877,290863,262669,0,19812,4523,11291,3931,712,646.1,644,561.6,1644,4.7,558.7,257.1,1800
2020-06-16,15,123,0,238,1466,2517,45963,276,36906,291549,263249,0,19443,4432,8906,3837,686,633.1,580,548.1,29,0.1,564.3,255.4,1788
2020-06-17,62,125,0,230,1395,2514,45977,269,36928,292255,263903,0,19273,4335,8658,3789,706,619.3,654,541.3,22,0.1,565,253.9,1777
2020-06-18,32,195,0,759,1352,2519,45993,251,36973,293108,264638,0,9856,4364,8565,3820,853,623.4,735,545.7,45,0.1,32,255,1785
2020-06-19,32,155,0,203,1296,2534,46018,228,36993,293952,265397,0,9582,4298,8415,3776,844,614,759,539.4,20,0.1,29,256,1792
2020-06-20,36,143,0,211,1278,2530,46034,228,37022,294324,265740,0,9485,4331,8272,3854,372,618.7,343,550.6,29,0.1,31.3,258.4,1809
2020-06-21,17,101,0,214,1301,2526,46044,228,37031,294596,266003,0,8971,4445,7873,3978,272,635,263,568.3,9,0,19.3,256.9,1798
2020-06-22,19,172,0,797,1291,2536,46063,203,37058,295106,266465,0,8766,4243,7727,3796,510,606.1,462,542.3,27,0.1,21.7,25.9,181
2020-06-23,21,200,0,817,1255,2527,46070,204,37085,295718,267121,0,8601,4169,7709,3872,612,595.6,656,553.1,27,0.1,21,25.6,179
2020-06-24,39,143,0,52,1260,2564,46107,203,37103,296434,267768,0,8514,4179,7654,3865,716,597,647,552.1,18,0,24,25,175
2020-06-25,34,243,0,855,1179,2544,46121,197,37119,297347,268511,0,8603,4239,7693,3873,913,605.6,743,553.3,16,0,20.3,20.9,146
2020-06-26,22,315,0,187,1122,2560,46148,195,37143,298274,269350,0,8620,4322,7729,3953,927,617.4,839,564.7,24,0.1,19.3,21.4,150
2020-06-27,26,127,0,43,1133,2556,46165,179,37156,298698,269727,0,8705,4374,7841,3987,424,624.9,377,569.6,13,0,17.7,19.1,134
2020-06-28,18,136,0,42,1173,2555,46179,151,37174,298951,269971,0,8800,4355,7946,3968,253,622.1,244,566.9,18,0,18.3,20.4,143
2020-06-29,18,215,0,176,1137,2561,46197,181,37188,299562,270504,0,8699,4456,7835,4039,611,636.6,533,577,14,0,15,18.6,130
2020-06-30,21,283,0,181,1124,2563,46211,177,37218,300440,271251,0,8891,4722,8002,4130,878,674.6,747,590,30,0.1,20.7,19,133
2020-07-01,27,311,0,179,1062,2566,46223,171,37252,301365,271975,0,9110,4931,8072,4207,925,704.4,724,601,34,0.1,26,21.3,149
2020-07-02,27,306,0,963,1020,2567,46233,159,37267,302222,272654,0,9114,4875,8016,4143,857,696.4,679,591.9,15,0,26.3,21.1,148
2020-07-03,26,371,0,175,998,0,0,96,37284,303206,273478,0,9254,4932,8081,4128,984,704.6,824,589.7,17,0,22,20.1,141
2020-07-04,18,151,0,33,1018,0,0,73,37296,303650,273840,0,9326,4952,8100,4113,444,707.4,362,587.6,12,0,14.7,20,140
2020-07-05,4,198,0,819,1055,2593,46266,115,37309,303926,274108,0,9330,4975,8105,4137,276,710.7,268,591,13,0,14,19.3,135
2020-07-06,4,460,0,1007,1051,2580,46279,148,37338,304778,274808,0,9672,5216,8343,4304,852,745.1,700,614.9,29,0.1,18,21.4,150
2020-07-07,26,551,0,993,1011,2579,46289,135,37364,305967,275795,0,10249,5527,8674,4544,1189,789.6,987,649.1,26,0.1,22.7,20.9,146
2020-07-08,20,611,0,1061,1018,2585,46301,131,37377,307216,276762,0,10782,5851,8994,4787,1249,835.9,967,683.9,13,0,22.7,17.9,125
2020-07-09,42,672,0,1121,970,2585,46307,129,37395,308565,277869,0,11218,6343,9358,5215,1349,906.1,1107,745,18,0,19,18.3,128
2020-07-10,67,723,0,175,955,0,0,94,37406,310150,279181,0,11876,6944,9831,5703,1585,992,1312,814.7,11,0,14,17.4,122
2020-07-11,30,435,0,41,999,0,0,73,37414,310890,279878,0,12192,7240,10151,6038,740,1034.3,697,862.6,8,0,12.3,16.9,118
2020-07-12,18,290,0,1041,1038,2607,46333,107,37431,311376,280344,0,12425,7450,10373,6236,486,1064.3,466,890.9,17,0,12,17.4,122
2020-07-13,19,977,0,1218,1050,2620,46358,134,37450,313059,281600,0,13497,8281,11096,6792,1683,1183,1256,970.3,19,0.1,14.7,16,112
2020-07-14,54,1031,0,1306,1098,2640,46385,129,37462,315173,283209,0,14733,9206,11958,7414,2114,1315.1,1609,1059.1,12,0,16,14,98
2020-07-15,31,1293,0,1547,1074,2654,46409,131,37483,317512,284951,0,16147,10296,12976,8189,2339,1470.9,1742,1169.9,21,0.1,17.3,15.1,106
2020-07-16,51,1375,0,154,1060,21,43790,129,37494,319880,286884,0,17658,11315,14230,9015,2368,1616.4,1933,1287.9,11,0,14.7,14.1,99
2020-07-17,26,1525,0,274,1087,0,0,105,37522,324262,289057,3251,21056,14112,15579,9876,4382,2016,2173,1410.9,28,0.1,20,16.6,116
2020-07-18,73,1043,0,189,1138,0,0,79,37532,325724,290475,3252,22074,14834,16635,10597,1462,2119.1,1418,1513.9,10,0,16.3,16.9,118
2020-07-19,77,915,0,2681,1190,2733,46523,106,37541,326881,291597,3259,22955,15505,17489,11253,1157,2215,1122,1607.6,9,0,15.7,15.7,110
2020-07-20,18,1844,0,2999,1204,2738,46557,144,37561,329536,293846,3611,24758,16477,19038,12246,2655,2353.9,2249,1749.4,20,0.1,13,15.9,111
2020-07-21,79,1863,0,3306,1241,2762,46592,150,37590,332461,296372,3611,26494,17288,20577,13163,2925,2469.7,2526,1880.4,29,0.1,19.3,18.3,128
2020-07-22,36,1836,0,3724,1242,2792,46634,165,37604,335319,298843,3618,28103,17807,22081,13892,2858,2543.9,2471,1984.6,14,0,21,17.3,121
2020-07-23,41,1783,0,4041,1301,2827,46681,163,37617,338139,301291,3629,29574,18259,23422,14407,2820,2608.4,2448,2058.1,13,0,18.7,17.6,123
2020-07-24,47,1894,0,538,1312,0,0,156,37645,341347,304201,3629,31197,17085,25020,15144,3208,2440.7,2910,2163.4,28,0.1,18.3,17.6,123
2020-07-25,56,1045,63414,538,1383,0,0,122,37663,342986,305772,3632,32096,17262,25894,15297,1639,2466,1571,2185.3,18,0,19.7,18.7,131
2020-07-26,13,1044,63420,4836,1459,2975,46838,140,37685,344329,307074,345,32953,17448,26730,15477,1343,2492.6,1302,2211,22,0.1,22.7,20.6,144
2020-07-27,51,2159,0,5292,1560,3005,46920,207,37702,347218,309770,345,34159,17682,28170,15924,2889,2526,2696,2274.9,17,0,19,20.1,141
2020-07-28,124,1967,63509,6180,1626,3061,46998,216,37733,350495,312769,3634,35322,18034,29560,16397,3277,2576.3,2999,2342.4,31,0.1,23.3,20.4,143
2020-07-29,81,1987,63599,6521,1674,3110,47074,215,37758,353736,315741,3639,36224,18417,30790,16898,3241,2631,2972,2414,25,0.1,24.3,22,154
2020-07-30,157,2256,63658,890,1749,34,44027,217,37778,357583,319325,3639,37703,19444,32441,18034,3847,2777.7,3584,2576.3,20,0.1,25.3,23,161
2020-07-31,253,2131,0,1039,1811,0,0,190,37806,361764,323268,3664,37502,20417,34211,19067,4181,2916.7,3943,2723.9,28,0.1,24.3,23,161
2020-08-01,147,1424,0,142,1880,0,0,166,37820,364714,326155,345,38990,21728,35680,20383,2950,3104,2887,2911.9,14,0,20.7,22.4,157
2020-08-02,62,1205,0,8537,2043,3402,47429,179,37851,366416,327804,345,39535,22087,36207,20730,1702,3155.3,1649,2961.4,31,0.1,24.3,23.7,166
2020-08-03,168,2450,63776,9814,2293,3401,47536,256,37874,370026,331251,3760,40490,22808,37405,21481,3610,3258.3,3447,3068.7,23,0.1,22.7,24.6,172
2020-08-04,339,2399,63832,10372,2319,3451,47643,267,37914,374535,335553,3546,42074,24040,39181,22784,4509,3434.3,4302,3254.9,40,0.1,31.3,25.9,181
2020-08-05,286,2376,63837,10724,2329,3507,47760,266,37937,378889,339719,3779,43570,25153,40876,23978,4354,3593.3,4166,3425.4,23,0.1,28.7,25.6,179
2020-08-06,418,2734,63897,11431,2350,3556,47872,285,37972,383920,344578,3686,45781,26337,43287,25253,5031,3762.4,4859,3607.6,35,0.1,32.7,27.7,194
2020-08-07,452,2931,63934,2027,2395,0,0,232,38000,389829,350274,3480,48482,28065,46073,27006,5909,4009.3,5696,3858,28,0.1,28.7,27.7,194
2020-08-08,297,1684,64004,367,2430,0,0,212,38018,392992,353324,347,50006,28278,47552,27169,3163,4039.7,3050,3881.3,18,0,27,28.3,198
2020-08-09,104,1325,64004,11222,2655,3861,48227,296,38076,395246,355467,126,50917,28830,48393,27663,2254,4118.6,2143,3951.9,58,0.2,34.7,32.1,225
2020-08-10,366,3335,0,12328,2765,3776,48364,326,38125,399925,360001,347,52707,29899,50231,28750,4679,4271.3,4534,4107.1,49,0.1,41.7,35.9,251
2020-08-11,954,2736,64060,13761,2851,3825,48507,345,38179,406335,366209,3811,55840,31800,53440,30656,6410,4542.9,6208,4379.4,54,0.1,53.7,37.9,265
2020-08-12,645,3080,64112,14212,2985,3926,48699,371,38224,412545,372190,3884,58809,33656,56449,32471,6210,4808,5981,4638.7,45,0.1,49.3,41,287
2020-08-13,689,3299,64160,15081,3082,3979,48886,375,38261,419435,378825,3938,61852,35515,59500,34247,6890,5073.6,6635,4892.4,37,0.1,45.3,41.3,289
2020-08-14,645,3596,64203,3987,3143,0,0,311,38287,427492,386660,3963,65728,37663,63392,36386,8057,5380.4,7835,5198,26,0.1,36,41,287
2020-08-15,549,2062,64259,992,3211,0,0,274,38306,431831,390803,353,67117,38839,64648,37479,4339,5548.4,4143,5354.1,19,0,27.3,41.1,288
2020-08-16,210,1419,64259,1353,3572,383,45428,387,38343,434376,393192,353,67960,39130,65388,37725,2545,5590,2389,5389.3,37,0.1,27.3,38.1,267
2020-08-17,496,3655,64292,16761,3837,4155,49583,471,38400,440260,398889,4149,70234,40335,67638,38888,5884,5762.1,5697,5555.4,57,0.1,37.7,39.3,275
2020-08-18,1082,3293,64338,16992,4003,4228,49830,486,38468,448612,406989,4206,74077,42277,71436,40780,8352,6039.6,8100,5825.7,68,0.2,54,41.3,289
2020-08-19,832,3459,64423,15405,4169,4252,50055,496,38514,457216,415289,359,78327,44671,75570,43099,8604,6381.6,8300,6157,46,0.1,57,41.4,290
2020-08-20,903,3782,64482,3650,4280,191,46172,513,38555,465826,423557,363,81906,46391,78979,44732,8610,6627.3,8268,6390.3,41,0.1,51.7,42,294
2020-08-21,1103,3937,64536,3989,4264,0,0,397,38577,476081,433486,367,86252,48589,83212,46826,10255,6941.3,9929,6689.4,22,0.1,36.3,41.4,290
2020-08-22,755,2644,64558,2423,4324,0,0,336,38598,481718,438846,367,88726,49887,85522,48043,5637,7126.7,5360,6863.3,21,0.1,28,41.7,292
2020-08-23,451,1404,64558,14157,4695,4744,50916,517,38692,484877,441771,369,89631,50501,86304,48579,3159,7214.4,2925,6939.9,94,0.2,45.7,49.9,349
2020-08-24,1108,4353,64625,15447,5075,4546,51245,607,38751,492039,448653,372,92114,51779,88652,49764,7162,7397,6882,7109.1,59,0.2,58,50.1,351
2020-08-25,2269,5026,64678,15911,5230,4557,51544,646,38841,503333,459565,376,96998,54721,93356,52576,11294,7817.3,10912,7510.9,90,0.2,81,53.3,373
2020-08-26,1505,4635,64727,16034,5331,4572,51818,659,38893,513607,469494,384,101062,56391,97304,54205,10274,8055.9,9929,7743.6,52,0.1,67,54.1,379
2020-08-27,1758,4361,64841,5876,5451,246,47731,695,38943,523777,479286,386,104342,57951,100461,55729,10170,8278.7,9792,7961.3,50,0.1,64,55.4,388
2020-08-28,1434,4547,64887,5981,5532,0,0,519,38984,535370,490440,392,107878,59289,103780,56954,11593,8469.9,11154,8136.3,41,0.1,47.7,58.1,407
2020-08-29,1240,2717,64890,3791,5605,0,0,441,39019,541352,496072,397,109521,59634,105269,57226,5982,8519.1,5632,8175.1,35,0.1,42,60.1,421
2020-08-30,1263,1622,64890,13711,6002,5140,52871,676,39100,545588,500025,403,111212,60711,106833,58254,4236,8673,3953,8322,81,0.2,52.3,58.3,408
2020-08-31,1534,5578,65055,16388,6286,4739,53130,810,39158,554439,508617,411,114179,62400,109728,59964,8851,8914.3,8592,8566.3,58,0.1,58,58.1,407
2020-09-01,1340,4063,65132,15327,6339,4801,53420,819,39296,564909,518726,421,116297,61576,111737,59161,10470,8796.6,10109,8451.6,138,0.4,92.3,65,455
2020-09-02,1732,4108,65230,15471,6388,4848,53728,851,39362,575149,528543,428,117933,61542,113254,59049,10240,8791.7,9817,8435.6,66,0.2,87.3,67,469
2020-09-03,1652,4538,65334,15418,6525,4905,54057,912,39445,585823,538833,435,119997,62046,115276,59547,10674,8863.7,10290,8506.7,83,0.2,95.7,71.7,502
2020-09-04,1794,4892,65334,6911,6589,0,0,689,39504,598390,551012,459,122309,63020,117526,60572,12567,9002.9,12179,8653.1,59,0.1,69.3,74.3,520
2020-09-05,1384,2909,65334,4905,6684,0,0,543,39539,605330,557664,468,123612,63978,118818,61592,6940,9139.7,6652,8798.9,35,0.1,59,74.3,520
2020-09-06,1073,1535,65334,13753,7208,5419,54864,828,39635,609701,561791,471,124824,64113,120020,61766,4371,9159,4127,8823.7,96,0.2,63.3,76.4,535
2020-09-07,1310,5318,65377,15271,7417,5020,55172,1044,39723,618618,570496,499,126579,64179,121843,61879,8917,9168.4,8705,8839.9,88,0.2,73,80.7,565
2020-09-08,1691,4312,65465,15213,7531,5092,55510,1066,39869,630398,581885,506,127065,65489,122320,63159,11780,9355.6,11389,9022.7,146,0.4,110,81.9,573
2020-09-09,1619,4590,65575,15262,7663,5140,55849,1067,39950,642024,593157,507,128417,66875,123663,64614,11626,9553.6,11272,9230.6,81,0.2,105,84,588
2020-09-10,1836,4721,65705,14980,7728,5210,56213,1091,39953,653947,604959,515,130170,68124,125673,66126,11923,9732,11802,9446.6,3,0,76.7,72.6,508
2020-09-11,1940,4481,65865,6729,7774,0,0,796,40109,667568,618101,528,132198,69178,127661,67089,13621,9882.6,13142,9584.1,156,0.4,80,86.4,605
2020-09-12,2254,3042,65884,4801,7867,0,0,684,40148,675378,625646,547,134026,70048,129574,67982,7810,10006.9,7545,9711.7,39,0.1,66,87,609
2020-09-13,1689,2118,65918,13756,8490,5912,57242,1043,40293,680927,630962,562,135339,71226,130937,69171,5549,10175.1,5316,9881.6,145,0.4,113.3,94,658
2020-09-14,1516,5450,66005,13376,8631,5394,57645,1043,40410,691272,640665,567,136833,72654,132048,70169,10345,10379.1,9703,10024.1,117,0.3,100.3,98.1,687
2020-09-15,1753,4399,66199,13162,8793,5556,58163,1072,40597,704325,653172,578,139416,73927,134446,71287,13053,10561,12507,10183.9,187,0.5,149.7,104,728
2020-09-16,1907,4392,66441,12935,8935,5529,58606,1226,40712,716862,665198,582,141713,74838,136655,72041,12537,10691.1,12026,10291.6,115,0.3,139.7,108.9,762
2020-09-17,1964,4752,67019,13068,8957,5579,59058,1255,40840,730191,677897,587,144368,76244,139064,72938,13329,10892,12699,10419.7,128,0.3,143.3,126.7,887
2020-09-18,2332,4947,67299,4225,8952,0,0,853,40901,746238,693291,626,147848,78670,142279,75190,16047,11238.6,15394,10741.4,61,0.1,101.3,113.1,792
2020-09-19,2349,2778,67314,4281,8988,0,0,742,40955,754167,700940,643,148837,78789,143276,75294,7929,11255.6,7649,10756.3,54,0.1,81,115.3,807
2020-09-20,1297,1903,67352,13497,9479,6273,60159,1181,41124,759010,705547,666,149309,78083,143756,74585,4843,11154.7,4607,10655,169,0.4,94.7,118.7,831
2020-09-21,1288,5735,67597,13178,9548,5697,60572,1198,41266,769940,715585,742,151322,78668,145089,74920,10930,11238.3,10038,10702.9,142,0.3,121.7,122.3,856
2020-09-22,1821,4120,67845,12952,9617,5848,61087,1368,41462,782599,727686,781,152201,78274,145801,74514,12659,11182,12101,10644.9,196,0.5,169,123.6,865
2020-09-23,1710,4300,68120,12791,9619,5824,61533,1362,41584,794840,739423,794,152816,77978,146266,74225,12241,11139.7,11737,10603.6,122,0.3,153.3,124.6,872
2020-09-24,2381,4203,68329,6653,9678,434,56558,1373,41714,807021,740428,831,153074,76830,135469,62531,12181,10975.7,1005,8933,130,0.3,149.3,124.9,874
2020-09-25,2118,4533,68577,3907,9622,0,0,942,41795,820664,753535,846,153096,74426,135434,60244,13643,10632.3,13107,8606.3,81,0.2,111,127.7,894
2020-09-26,1981,2843,68582,4040,9649,0,0,812,41849,828129,760705,875,152751,73962,135059,59765,7465,10566,7170,8537.9,54,0.1,88.3,127.7,894
2020-09-27,1566,1782,68597,13529,9923,6475,63033,1293,42059,832610,765011,885,151683,73600,134049,59464,4481,10514.3,4306,8494.9,210,0.5,115,133.6,935
2020-09-28,991,5106,68782,15651,9894,5984,63453,1464,42264,841844,773688,966,150572,71904,133023,58103,9234,10272,8677,8300.4,205,0.5,156.3,142.6,998
2020-09-29,1696,4223,68955,15462,9637,6041,63891,1451,42424,853231,784705,1062,148906,70632,131533,57019,11387,10090.3,11017,8145.6,160,0.4,191.7,137.4,962
2020-09-30,1601,4027,69217,15183,9377,6015,64269,1471,42584,863381,794415,1113,146519,68541,129217,54992,10150,9791.6,9710,7856,160,0.4,175,142.9,1000
2020-10-01,1833,4586,69363,6216,9277,341,58927,1488,42732,874066,804610,1180,143875,67045,126713,64182,10685,9577.9,10195,9168.9,148,0.3,156,145.4,1018
2020-10-02,1941,4634,69576,3565,9157,0,0,960,42819,886072,816033,1213,139834,65408,122742,62498,12006,9344,11423,8928.3,87,0.2,131.7,146.3,1024
2020-10-03,2076,2604,69591,3654,9170,0,0,847,42874,893124,821196,1225,138957,64995,120256,60491,7052,9285,5163,8641.6,55,0.1,96.7,146.4,1025
2020-10-04,1288,1852,69609,6065,9477,830,59757,1347,43041,897728,824327,1234,138718,65118,118780,59316,4604,9302.6,3131,8473.7,167,0.4,103,140.3,982
2020-10-05,1071,5416,69710,3462,9566,291,60048,1490,43248,907277,832717,1266,137337,65433,117132,59029,9549,9347.6,8390,8432.7,207,0.5,143,140.6,984
2020-10-06,1710,4489,69856,5784,9373,345,60393,1470,43410,917994,841577,1283,135395,64763,113891,56872,10717,9251.9,8860,8124.6,162,0.4,178.7,140.9,986
2020-10-07,1705,5024,69961,14706,9215,6239,66632,1459,43535,930034,851183,1325,135194,66653,111760,56768,12040,9521.9,9606,8109.7,125,0.3,164.7,135.9,951
2020-10-08,1835,5797,70155,5859,9162,307,60995,1472,43668,942549,861079,1364,135528,68483,120651,56469,12515,9783.3,9896,8067,133,0.3,140,133.7,936
2020-10-09,2176,6354,70276,3439,9090,0,0,996,43788,956102,871973,1391,135438,70030,118438,55940,13553,10004.3,10894,7991.4,120,0.3,126,138.4,969
2020-10-10,2108,3155,70280,3506,9113,0,0,838,43877,963871,877344,1416,135742,70747,116639,56148,7769,10106.7,5371,8021.1,89,0.2,114,143.3,1003
2020-10-11,1888,2934,70283,3581,9425,0,0,869,43940,970417,882225,1447,137807,72689,117214,57898,6546,10384.1,4881,8271.1,63,0.1,90.7,128.4,899
2020-10-12,1448,3932,70291,6189,9812,998,61993,1449,44209,977759,887623,1454,135915,70482,113935,54906,7342,10068.9,5398,7843.7,269,0.6,140.3,137.3,961
2020-10-13,1261,7630,70544,6034,10081,320,62313,1522,44413,990689,898845,1480,137458,72695,114140,57268,12930,10385,11222,8181.1,204,0.5,178.7,143.3,1003
2020-10-14,2126,7188,70684,6161,10093,316,62629,1539,44562,1004719,910496,1526,141338,74685,116081,59313,14030,10669.3,11651,8473.3,149,0.3,207.3,146.7,1027
2020-10-15,3139,7091,70924,6167,10190,297,62926,1567,44713,1019455,857938,1553,145389,76906,53328,-3141,14736,10986.6,-52558,-448.7,151,0.3,168,149.3,1045
2020-10-16,3375,7695,71056,3589,10183,0,0,1120,44848,1036173,871141,1568,150101,80071,55108,-832,16718,11438.7,13203,-118.9,135,0.3,145,151.4,1060
2020-10-17,3802,4411,71063,3886,10405,0,0,966,44940,1046683,878431,1591,153559,82812,57235,1087,10510,11830.3,7290,155.3,92,0.2,126,151.9,1063
2020-10-18,2133,3859,71066,3980,10940,737,63663,1486,45118,1056072,884788,1611,158344,85655,60461,2563,9389,12236.4,6357,366.1,178,0.4,135,168.3,1178
2020-10-19,2312,10105,71296,6695,11343,269,63932,1719,45377,1072666,898886,1650,165389,94907,66169,11263,16594,13558.1,14098,1609,259,0.6,176.3,166.9,1168
2020-10-20,4758,7851,71456,6862,11578,327,64259,1749,45583,1088513,911644,1691,170519,97824,70067,12799,15847,13974.9,12758,1828.4,206,0.5,214.3,167.1,1170
2020-10-21,4429,8984,71641,19217,11938,7034,71293,1805,45753,1103343,925726,1793,173309,98624,74543,15230,14830,14089.1,14082,2175.7,170,0.4,211.7,170.1,1191
2020-10-22,6816,7404,72051,7409,12373,307,64869,1845,45987,1123480,938802,1813,180931,104025,77723,80864,20137,14860.7,13076,11552,234,0.5,203.3,182,1274
2020-10-23,7708,7129,72461,4665,12740,0,0,1376,46173,1147194,952618,1872,191092,111021,80645,81477,23714,15860.1,13816,11639.6,186,0.4,196.7,189.3,1325
2020-10-24,7501,3584,72472,4885,13084,0,0,1386,46297,1160632,960318,1907,196761,113949,82974,81887,13438,16278.4,7700,11698.1,124,0.3,181.3,193.9,1357
2020-10-25,4396,2822,72476,7917,13732,687,65556,1848,46522,1171343,966735,1934,200926,115271,84510,81947,10711,16467.3,6417,11706.7,225,0.5,178.3,200.6,1404
2020-10-26,4819,7553.266,72687,4862,14222,255,65811,2097,46820,1197051,981368,1958,219292,124385,93745,82482,25708,17769.3,14633,11783.1,298,0.6,215.7,206.1,1443
2020-10-27,6621,6548,72928,8109,14385,272,66083,2169,47070,1216035,994102,2026,225346,127522,95257,82458,18984,18217.4,12734,11779.7,250,0.5,257.7,212.4,1487
2020-10-28,7102,7005,73142,25686,14621,300,66383,2225,47307,1242356,1006825,2087,237637,139013,96329,81099,26321,19859,12723,11585.6,237,0.5,261.7,222,1554
2020-10-29,7957,6183,73357,5137,14928,225,66608,2298,47557,1265259,970914,2145,245804,141779,112976,32112,22903,20254.1,-35911,4587.4,250,0.5,245.7,224.3,1570
2020-10-30,8330,6192,73514,5204,14918,266,66874,2374,47823,1289789,984879,2212,253616,142595,113738,32261,24530,20370.7,13965,4608.7,266,0.6,251,235.7,1650
2020-10-31,7361,4052,73528,5443,15293,206,67080,2247,48081,1308262,993268,2250,261579,147630,114837,32950,18473,21090,8389,4707.1,258,0.5,258,254.9,1784
2020-11-01,4453,3310,73536,5413,16082,163,67243,2322,48309,1323282,955216,2319,267210,151939,70428,-11519,15020,21705.6,-38052,-1645.6,228,0.5,250.7,255.3,1787
2020-11-02,4498,5212,73652,8954,16695,190,67433,2570,48693,1340788,965290,2412,268122,143737,66404,-16078,17506,20533.9,10074,-2296.9,384,0.8,290,267.6,1873
2020-11-03,6878,5366,73966,5338,16991,268,67701,2566,49017,1361112,921007,2511,272599,145077,9363,-73095,20324,20725.3,-44283,-10442.1,324,0.7,312,278.1,1947
2020-11-04,7731,5395,74233,30272,17173,288,67989,2599,49351,1380808,932896,2559,277465,138452,7170,-73929,19696,19778.9,11889,-10561.3,334,0.7,347.3,292,2044
2020-11-05,7477,5400,74451,9512,16994,231,68220,2622,49704,1400950,944443,2622,277470,135691,5641,-26471,20142,19384.4,11547,-3781.6,353,0.7,337,306.7,2147
2020-11-06,8023,4752,74801,5837,16613,219,68439,2686,50056,1421838,956108,2775,274644,132049,3490,-28771,20888,18864.1,11665,-4110.1,352,0.7,346.3,319,2233
2020-11-07,8048,2997,74843,6101,16664,136,68575,2750,50338,1439284,963456,2810,278652,131022,3138,-29812,17446,18717.4,7348,-4258.9,282,0.6,329,322.4,2257
2020-11-08,4227,2463,74845,9955,17322,156,68731,2562,50589,1450987,969126,2866,279644,127705,2391,13910,11703,18243.6,5670,1987.1,251,0.5,295,325.7,2280
2020-11-09,5301,3436,75126,9723,17772,191,68922,2835,50996,1466234,977620,2994,269183,125446,-3748,12330,15247,17920.9,8494,1761.4,407,0.8,313.3,329,2303
2020-11-10,8326,4161,75422,9701,17582,248,69170,2870,51395,1484645,987740,3125,268610,123533,-6362,66733,18411,17647.6,10120,9533.3,399,0.8,352.3,339.7,2378
2020-11-11,7752,4252,75758,28624,17427,257,69427,2856,51748,1502809,997604,3281,260453,122001,-9221,64708,18164,17428.7,9864,9244,353,0.7,386.3,342.4,2397
2020-11-12,8100,4092,75988,9547,17362,220,69647,2922,52085,1522009,1006982,3385,256750,121059,36068,62539,19200,17294.1,9378,8934.1,337,0.7,363,340.1,2381
2020-11-13,7532,3986,76433,4976,16748,207,69854,2902,52446,1540271,1015754,3920,250482,118433,30875,59646,18262,16919,8772,8520.9,361,0.7,350.3,341.4,2390
2020-11-14,6293,2550,76450,5027,16586,174,70028,2872,52702,1554047,1021708,3971,245785,114763,28440,58252,13776,16394.7,5954,8321.7,256,0.5,318,337.7,2364
2020-11-15,2749,1591,76468,8857,16955,121,70149,2613,52947,1562794,1025336,4115,239512,111807,70120,56210,8747,15972.4,3628,8030,245,0.5,287.3,336.9,2358
2020-11-16,3561,2806,76960,8459,17145,197,70346,2939,53354,1575338,1032807,4244,234550,109104,67517,55187,12544,15586.3,7471,7883.9,407,0.8,302.7,336.9,2358
2020-11-17,5814,3104,77566,8216,16714,192,70538,2925,53750,1588593,1039968,4367,227481,103948,118961,52228,13255,14849.7,7161,7461.1,396,0.7,349.3,336.4,2355
2020-11-18,6076,3093,78000,22581,16160,7936,78474,2903,54092,1602920,1046948,4453,222112,100111,114052,49344,14327,14301.6,6980,7049.1,342,0.6,381.7,334.9,2344
2020-11-19,6384,2794,78567,21745,15540,7975,78689,2858,54409,1617698,1053855,4550,216748,95689,109412,46873,14778,13669.9,6907,6696.1,317,0.6,351.7,332,2324
2020-11-20,5628,2523,78969,17134,14827,7976,78854,2322,54754,1631475,1059986,4600,209637,91204,103878,44232,13777,13029.1,6131,6318.9,345,0.6,334.7,329.7,2308
2020-11-21,4620,1772,78992,15371,14339,7988,78983,2774,54984,1642251,1063973,4639,202967,88204,100517,42265,10776,12600.6,3987,6037.9,230,0.4,297.3,326,2282
2020-11-22,1994,1335,79003,20103,14557,8001,79104,2502,55170,1648749,1066844,4699,197762,85955,97718,41508,6498,12279.3,2871,5929.7,186,0.3,253.7,317.6,2223
2020-11-23,2875,1764,79403,16032,14444,8087,79290,2750,55610,1656787,1071415,4815,190553,81449,93795,38608,8038,11635.6,4571,5515.4,440,0.8,285.3,322.3,2256
2020-11-24,4784,2307,79948,15230,13822,8137,79508,2680,55906,1667901,1076331,4928,183256,79308,88591,36363,11114,11329.7,4916,5194.7,296,0.5,307.3,308,2156
2020-11-25,3953,2177,80350,14211,13157,132,71669,2631,56229,1677167,1081237,5038,174358,74247,83633,34289,9266,10606.7,4906,4898.4,323,0.6,353,305.3,2137
2020-11-26,4148,2301,80632,13430,12597,8181,79850,2614,56532,1688957,1086280,5137,166948,71259,79298,32425,11790,10179.9,5043,4632.1,303,0.5,307.3,303.3,2123
2020-11-27,3805,2109,80963,12644,11952,8203,80024,2540,56826,1699045,1091306,5313,158774,67570,75552,31320,10088,9652.9,5026,4474.3,294,0.5,306.7,296,2072
2020-11-28,3267,1354,80956,11434,11736,8203,80164,2507,57053,1706843,1094662,5362,152796,64592,72954,30689,7798,9227.4,3356,4384.1,227,0.4,274.7,295.6,2069
2020-11-29,1570,1300,80978,16184,11956,8201,80280,2190,57240,1711770,1096871,5374,148976,63021,71535,30027,4927,9003,2209,4289.6,187,0.3,236,295.7,2070
2020-11-30,1861,1524,81284,15652,11978,8329,80494,2447,57550,1717801,1100624,5472,142463,61014,67817,29209,6031,8716.3,3753,4172.7,310,0.5,241.3,277.1,1940
2020-12-01,3889,1938,81549,15170,11472,8346,80691,2396,57858,1725650,1105248,5562,137057,57749,65280,28917,7849,8249.9,4624,4131,308,0.5,268.3,278.9,1952
2020-12-02,3668,2222,81788,14805,11001,8349,80858,2223,58127,1735667,1109960,5601,132747,58500,63012,28723,10017,8357.1,4712,4103.3,269,0.5,295.7,271.1,1898
2020-12-03,3799,1916,81907,14528,10669,8330,80974,2171,58414,1744457,1114035,5627,126759,55500,60180,27755,8790,7928.6,4075,3965,287,0.5,288,268.9,1882
2020-12-04,3337,1871,82183,10039,10171,8412,81152,2106,58641,1752538,1117891,5717,121063,53493,57905,26585,8081,7641.9,3856,3797.9,227,0.4,261,259.3,1815
2020-12-05,1856,1022,82200,9921,9877,8346,81243,1727,58815,1757550,1119937,5736,115299,50707,55964,25275,5012,7243.9,2046,3610.7,174,0.3,229.3,251.7,1762
2020-12-06,1126,654,82214,9858,9960,8396,81370,1714,58962,1760933,1121367,5786,112184,49163,54523,24496,3383,7023.3,1430,3499.4,147,0.2,182.7,246,1722
2020-12-07,3403,2469,82229,9446,9945,8418,81491,1995,59282,1768942,1125463,5807,112155,51141,54048,24839,8009,7305.9,4096,3548.4,320,0.5,213.7,247.4,1732
2020-12-08,1159,788,82241,13239,9479,8445,81626,1659,59440,1772197,1127014,5842,104296,46547,50683,21766,3255,6649.6,1551,3109.4,158,0.3,208.3,226,1582
2020-12-09,2970,2118,82456,12399,9369,8520,81814,1952,59695,1780375,1131885,5976,103208,44708,50648,21925,8178,6386.9,4871,3132.1,255,0.4,244.3,224,1568
2020-12-10,3875,1976,82645,13052,9174,8546,82002,1894,59973,1789424,1136835,6054,100467,44967,50555,22800,9049,6423.9,4950,3257.1,278,0.5,230.3,222.7,1559
2020-12-11,3913,2131,82867,8326,8852,8606,82222,1878,60190,1799392,1142485,6103,100347,46854,51179,24594,9968,6693.4,5650,3513.4,217,0.4,250,221.3,1549
2020-12-12,1921,1171,82902,8637,8712,8528,82329,1546,60319,1804878,1145030,6129,98035,47328,50368,25093,5486,6761.1,2545,3584.7,129,0.2,208,214.9,1504
2020-12-13,1160,959,82934,13859,8966,8549,82438,1544,60412,1809173,1146761,6194,97403,48240,49890,25394,4295,6891.4,1731,3627.7,93,0.2,146.3,207.1,1450
2020-12-14,3558,2929,83133,13677,9113,8650,82640,1829,60751,1819573,1152877,6237,101772,50631,52253,27414,10400,7233,6116,3916.3,339,0.6,187,209.9,1469
2020-12-15,4982,2451,83827,13617,8938,8681,82852,1790,61043,1830401,1105745,6286,104751,58204,497,-21269,10828,8314.9,-47132,-3038.4,292,0.5,241.3,229,1603
2020-12-16,4084,2623,83468,13680,8854,8664,83034,1740,61260,1841123,1111602,6327,105456,60748,1642,-20283,10722,8678.3,5857,-2897.6,217,0.4,282.7,223.6,1565
2020-12-17,3996,2760,83643,13757,8707,8710,83239,1716,61436,1851598,1117097,6339,107141,62174,3062,-19738,10475,8882,5495,-2819.7,176,0.3,228.3,209,1463
2020-12-18,4032,2501,83780,8160,8493,8757,83459,1694,61662,1862219,1122597,6365,109681,62827,4706,-19888,10621,8975.3,5500,-2841.1,226,0.4,206.3,210.3,1472
2020-12-19,3573,1403,83791,8328,8469,8705,83600,1407,61817,1869663,1125088,6366,112113,64785,5151,-19942,7444,9255,2491,-2848.9,155,0.3,185.7,214,1498
2020-12-20,1028,1006,83799,14713,8687,8737,83749,1424,61961,1874039,1126925,6371,113106,64866,5558,-19836,4376,9266.6,1837,-2833.7,144,0.2,175,221.3,1549
2020-12-21,1967,3124,84050,14565,9013,8845,83995,1702,62246,1883397,1133612,6411,114455,63824,8149,-19265,9358,9117.7,6687,-2752.1,285,0.5,194.7,213.6,1495
2020-12-22,4315,2494,84237,14604,8887,8848,84216,1667,62449,1894096,1139498,6484,121899,63695,12484,33753,10699,9099.3,5886,4821.9,203,0.3,210.7,200.9,1406
2020-12-23,4491,3265,84439,7751,8531,8831,84409,1685,62639,1906989,1147285,6517,126614,65866,15400,35683,12893,9409.4,7787,5097.6,190,0.3,226,197,1379
2020-12-24,4313,1718,84449,7865,8371,8671,8671,815,62745,1916741,1151517,6526,127317,65143,14682,34420,9752,9306.1,4232,4917.1,106,0.2,166.3,187,1309
2020-12-25,1021,739,84455,7679,8407,8934,84711,1267,62878,1919780,1153683,4114,120388,57561,11198,31086,3039,8223,2166,4440.9,133,0.2,143,173.7,1216
2020-12-26,2098,1002,84474,7673,8773,8826,84852,1658,63023,1926491,1156309,6531,121613,56828,11279,31221,6711,8118.3,2626,4460.1,145,0.2,128,172.3,1206
2020-12-27,1211,740,84485,14755,8966,8844,85010,1363,63138,1931267,1159025,6540,122094,57228,12264,32100,4776,8175.4,2716,4585.7,115,0.2,131,168.1,1177
2020-12-28,3603,4500,84643,15094,9332,8961,85270,1784,63525,1945335,1169873,6590,125762,61938,16996,36261,14068,8848.3,10848,5180.1,387,0.6,215.7,182.7,1279
2020-12-29,6537,3074,84813,15460,9356,9034,85581,1791,63758,1963504,1180192,6645,133103,69408,74447,40694,18169,9915.4,10319,5813.4,233,0.4,245,187,1309
2020-12-30,5973,3664,85021,8317,9130,8966,88156,1783,63986,1981292,1191682,6671,140169,74303,80080,44397,17788,10614.7,11490,6342.4,228,0.4,282.7,192.4,1347
2020-12-31,5739,2558,85023,8624,8973,8787,11139,1180,64124,1993194,1198056,6675,141596,76453,80959,46539,11902,10921.9,6374,6648.4,138,0.2,199.7,197,1379
2021-01-01,1620,894,85055,8545,9143,9147,86201,1314,64242,1998930,1201500,6677,136711,79150,78903,47817,5736,11307.1,3444,6831,118,0.2,161.3,194.9,1364
2021-01-02,3297,1279,85073,7784,9670,9023,86425,1760,64362,2008641,1205758,4247,138978,82150,80670,49449,9711,11735.7,4258,7064.1,120,0.2,125.3,191.3,1339
2021-01-03,2191,1033,85085,17798,10101,9016,86705,1407,64456,2016638,1209862,6688,142599,85371,82937,50837,7997,12195.9,4104,7262.4,94,0.1,110.7,188.3,1318
2021-01-04,5049,6423,85296,16734,10677,9210,87088,1961,64803,2037090,1224766,6711,153693,91755,91154,54893,20452,13107.9,14904,7841.9,347,0.5,187,182.6,1278
2021-01-05,8573,4383,85519,9375,10698,8888,8986,1590,65072,2061274,1240486,6726,167178,97770,100988,60294,24184,13967.1,15720,8613.4,269,0.4,236.7,187.7,1314
2021-01-06,3850,2838,85533,18301,11005,9490,87746,1519,65258,2074042,1247650,6730,167053,92750,100365,55968,12768,13250,7164,7995.4,186,0.3,267.3,181.7,1272
2021-01-07,8300,4350,85777,18482,11597,9249,90509,2051,65502,2098015,1261580,6766,181274,104821,110063,63524,23973,14974.4,13930,9074.9,244,0.4,233,196.9,1378
2021-01-08,10227,5540,86036,10687,12004,9289,88463,2057,65774,2123907,1277204,6799,204127,124977,123521,75704,25892,17853.9,15624,10814.9,272,0.4,234,218.9,1532
2021-01-09,11406,2236,86049,11372,12264,9140,91067,2038,65993,2143328,1283242,6807,216837,134687,126933,77484,19421,19241,6038,11069.1,219,0.3,245,233,1631
2021-01-10,5238,1844,86076,20799,12679,9149,88824,1748,66167,2153901,1287997,6816,222634,137263,128972,78135,10573,19609,4755,11162.1,174,0.3,221.7,244.4,1711
2021-01-11,7793,8202,86381,21049,13695,9319,91600,2287,66534,2183546,1305935,6858,238211,146456,136062,81169,29645,20922.3,17938,11595.6,367,0.6,253.3,247.3,1731
2021-01-12,11989,5432,86610,22145,14239,9506,92069,2356,66857,2210975,1320824,6941,247471,149701,140632,80338,27429,21385.9,14889,11476.9,323,0.5,288,255,1785
2021-01-13,12525,6010,86835,23573,14738,9572,92610,2435,67133,2243470,1337701,6967,262178,169428,146019,90051,32495,24204,16877,12864.4,276,0.4,322,267.9,1875
2021-01-14,13883,6658,87140,24864,15416,9600,93143,2542,67411,2278191,1355120,7002,284997,180176,157064,93540,34721,25739.4,17419,13362.9,278,0.4,292.3,272.7,1909
2021-01-15,15696,6340,87337,15518,15863,9658,93666,2633,67715,2315847,1373547,7030,316917,191940,172047,96343,37656,27420,18427,13763.3,304,0.5,286,277.3,1941
2021-01-16,15147,2638,87366,16436,16881,9700,91621,2593,67952,2343141,1381892,7039,334500,199813,176134,98650,27294,28544.7,8345,14092.9,237,0.3,273,279.9,1959
2021-01-17,7804,1911,87402,26774,18144,9683,92050,2708,68188,2361700,1387972,7078,345062,207799,178110,99975,18559,29685.6,6080,14282.1,236,0.3,259,288.7,2021
2021-01-18,8873,10476,87722,26903,19444,9853,95194,2965,68731,2395509,1410000,7118,358419,211963,185234,104065,33809,30280.4,22028,14866.4,543,0.8,338.7,313.9,2197
2021-01-19,15984,5591,88033,17663,20430,9964,95867,3068,69169,2431201,1428653,7165,369927,220226,188167,107829,35692,31460.9,18653,15404.1,438,0.6,405.7,330.3,2312
2021-01-20,18367,6275,88435,28230,21083,10083,96588,3216,69623,2471920,1447018,7197,397878,228450,199368,109317,40719,32635.7,18365,15616.7,454,0.7,478.3,355.7,2490
2021-01-21,16691,6507,88777,19156,22002,10090,97266,3322,70072,2511175,1465095,7241,413160,232984,203515,109975,39255,33283.4,18077,15710.7,449,0.6,447,380.1,2661
2021-01-22,16771,6864,89108,20167,22441,10170,97948,3480,70541,2552949,1484415,7325,429042,237102,207211,110868,41774,33871.7,19320,15838.3,469,0.7,457.3,403.7,2826
2021-01-23,13417,2534,89153,20859,23325,10010,95698,3410,70913,2580059,1492644,7359,436731,236918,209402,110752,27110,33845.4,8229,15821.7,372,0.5,430,423,2961
2021-01-24,10221,1839,89223,21192,24358,10106,96218,3501,71241,2601928,1498527,7385,448027,240228,210530,110555,21869,34318.3,5883,15793.6,328,0.5,389.7,436.1,3053
2021-01-25,14022,9752,89794,20488,25366,10239,99465,3819,71891,2640042,1518912,4733,456496,244533,212977,108912,38114,34933.3,20385,15558.9,650,0.9,450,451.4,3160
2021-01-26,17008,5386,90380,31070,25450,10307,100123,3911,72415,2677206,1535474,7544,466231,246005,214650,106821,37164,35143.6,16562,15260.1,524,0.7,500.7,463.7,3246
2021-01-27,16792,6005,90818,30697,25420,10388,100773,4003,72969,2714286,1551912,7582,470816,242366,214211,104894,37080,34623.7,16438,14984.9,554,0.8,576,478,3346
2021-01-28,14137,5944,91303,30248,25431,10392,101365,4087,73480,2746738,1568222,4843,468547,235563,213102,103127,32452,33651.9,16310,14732.4,511,0.7,529.7,486.9,3408
2021-01-29,14136,5272,91770,22049,25094,10459,101968,4199,74021,2781775,1583301,4895,465928,228826,209754,98886,35037,32689.4,15079,14126.6,541,0.7,535.3,497.1,3480
2021-01-30,13331,1877,91848,22352,25329,10372,99553,4003,74481,2807774,1589713,4954,464633,227715,207821,97069,25999,32530.7,6412,13867,460,0.6,504,509.7,3568
2021-01-31,7398,1555,91876,29831,26195,10307,99880,4061,74866,2826544,1593785,4977,464844,224616,205813,95258,18770,32088,4072,13608.3,385,0.5,462,517.9,3625
2021-02-01,10548,7253,92426,29160,26397,10513,103274,4318,75531,2855916,1609020,5029,460407,215874,199020,90108,29372,30839.1,15235,12872.6,665,0.9,503.3,520,3640
2021-02-02,13131,4036,93046,28864,25701,10666,103916,4284,76102,2883566,1620760,5084,452365,206360,192107,85286,27650,29480,11740,12183.7,571,0.8,540.3,526.7,3687
2021-02-03,9987,4250,93585,20829,24882,10584,104440,4293,76594,2908804,1632200,5197,436884,194518,185182,80288,25238,27788.3,11440,11469.7,492,0.6,576,517.9,3625
2021-02-04,9247,2661,93993,27792,24328,10640,104964,4066,77093,2933111,1641406,5245,421936,186373,176311,73184,24307,26624.7,9206,10454.9,499,0.7,520.7,516.1,3613
2021-02-05,10273,3275,94420,20123,23329,10676,105480,4215,77667,2958888,1652872,5269,405939,177113,168457,69571,25777,25301.9,11466,9938.7,574,0.7,521.7,520.9,3646
2021-02-06,6197,1165,94442,19850,22504,10610,102814,3975,78092,2976459,1656603,5311,396400,168685,163959,66890,17571,24097.9,3731,9555.7,425,0.5,499.3,515.9,3611
2021-02-07,4062,976,94449,26107,23027,10550,103071,3956,78395,2986015,1658966,5344,384087,159471,160439,65181,9556,22781.6,2363,9311.6,303,0.4,434,504.1,3529
2021-02-08,4441,3899,94883,18429,22462,10733,106558,4124,78952,3002173,1667905,5455,362131,146257,148993,58885,16158,20893.9,8939,8412.1,557,0.7,428.3,488.7,3421
2021-02-09,7318,2621,95378,23697,21281,10793,107018,4082,79451,3018553,1672470,5522,341347,134987,136996,51710,16380,19283.9,4565,7387.1,499,0.6,453,478.4,3349
2021-02-10,5792,2545,95920,22655,20234,10792,107370,4003,79925,3034071,1679508,5563,319785,125267,127596,47308,15518,17895.3,7038,6758.3,474,0.6,510,475.9,3331
2021-02-11,5616,2344,96322,21761,19166,10811,107682,3916,80422,3049094,1685969,5610,302356,115983,117747,44563,15023,16569,6461,6366.1,497,0.6,490,475.6,3329
2021-02-12,4524,2074,96623,15930,17931,17516,114811,3833,80881,3062543,1692212,5647,280768,103655,108911,39340,13449,14807.9,6243,5620,459,0.6,476.7,459.1,3214
2021-02-13,4106,935,96670,15742,17296,10764,105249,3556,81245,3072095,1694763,5662,264321,95636,105050,38160,9552,13662.3,2551,5451.4,364,0.5,440,450.4,3153
2021-02-14,2518,723,96701,15282,17395,10696,105411,3544,81450,3078283,1696471,5709,251739,92268,102686,37505,6188,13181.1,1708,5357.9,205,0.3,342.7,436.4,3055
2021-02-15,2037,2354,97110,14203,16846,10828,108849,3688,81887,3087449,1702356,5788,231533,85276,93336,34451,9166,12182.3,5885,4921.6,437,0.5,335.3,419.3,2935
2021-02-16,3884,1804,97540,17887,15683,10859,109137,3560,82303,3097460,1707836,5856,213894,78907,87076,35366,10011,11272.4,5480,5052.3,416,0.5,352.7,407.4,2852
2021-02-17,3372,1863,97931,12693,14687,10835,109379,3460,82658,3107314,1712889,5931,198510,73243,80689,33381,9854,10463.3,5053,4768.7,355,0.4,402.7,390.4,2733
2021-02-18,4782,1785,98209,15856,13782,10881,109650,3377,83039,3118488,1717777,5962,185377,69394,76371,31808,11174,9913.4,4888,4544,381,0.5,384,373.9,2617
2021-02-19,3418,1572,98744,11667,12805,10880,109883,3262,83312,3128668,1722418,5993,169780,66125,69546,30206,10180,9446.4,4641,4315.1,273,0.3,336.3,347.3,2431
2021-02-20,2587,895,98790,11617,12303,10848,106876,3028,83546,3134803,1724424,5996,158344,62708,67821,29661,6135,8958.3,2006,4237.3,234,0.3,296,328.7,2301
2021-02-21,1730,610,98798,14975,12428,2790,98992,3003,83716,3138883,1725908,6065,152868,60600,66942,29437,4080,8657.1,1484,4205.3,170,0.2,225.7,323.7,2266
2021-02-22,1399,1926,99122,13932,12182,10953,110424,3111,83985,3145412,1730576,6184,143239,57963,62671,28220,6529,8280.4,4668,4031.4,269,0.3,224.3,299.7,2098
2021-02-23,2315,1612,99378,13340,11491,10953,110651,2969,84285,3152521,1735071,6233,133968,55061,62601,27235,7109,7865.9,4495,3890.7,300,0.4,246.3,283.1,1982
2021-02-24,1952,1602,99612,12730,10857,10949,110837,2843,84582,3159744,1739237,6280,125673,52430,59729,26348,7223,7490,4166,3764,297,0.4,288.7,274.9,1924
2021-02-25,1961,1379,99878,12393,10361,11025,111081,2752,84823,3166338,1742898,6360,117244,47850,56929,25121,6594,6835.7,3661,3588.7,241,0.3,279.3,254.9,1784
2021-02-26,1783,1305,100121,9248,9786,11040,111248,2627,85043,3172898,1746693,6379,110355,44230,54481,24275,6560,6318.6,3795,3467.9,220,0.3,252.7,247.3,1731
2021-02-27,1551,716,100169,9271,9556,10997,108232,2533,85232,3177312,1748431,6380,105217,42509,53668,24007,4414,6072.7,1738,3429.6,189,0.2,216.7,240.9,1686
2021-02-28,1002,490,100185,9311,9627,11010,108392,2519,85377,3180371,1749619,6414,102088,41488,53148,23711,3059,5926.9,1188,3387.3,145,0.2,184.7,237.3,1661
2021-03-01,1503,1778,100481,11045,9327,11083,111761,2549,85611,3186403,1753840,6456,98954,40991,51484,23264,6032,5855.9,4221,3323.4,234,0.3,189.3,232.3,1626
2021-03-02,1908,1341,100819,10729,9105,11128,112000,2468,85764,3191926,1757528,6509,94466,39405,49692,22457,5523,5629.3,3688,3208.1,153,0.2,177.3,211.3,1479
2021-03-03,1574,1375,101026,10456,8728,11142,112217,2388,85980,3197287,1761098,6562,89973,37543,48209,21861,5361,5363.3,3570,3123,216,0.3,201,199.7,1398
2021-03-04,1736,1308,101268,10289,8370,11132,112400,2317,86141,3203046,1764443,6592,84558,36708,46666,21545,5759,5244,3345,3077.9,161,0.2,176.7,188.3,1318
2021-03-05,1513,1344,101468,8274,8000,11163,112597,2278,86353,3209292,1768152,6609,80624,36394,45734,21459,6246,5199.1,3709,3065.6,212,0.2,196.3,187.1,1310
2021-03-06,1285,736,101518,7938,7893,11137,109537,2159,86482,3213086,1769716,0,78283,35774,45292,21285,3794,5110.6,1564,3040.7,129,0.1,167.3,178.6,1250
2021-03-07,829,547,101523,8427,8032,11123,109656,1934,86569,3215821,1770920,6625,76938,35450,45012,21301,2735,5064.3,1204,3043,87,0.1,142.7,170.3,1192
2021-03-08,1163,1406,101737,10031,7908,11218,113070,2145,86714,3220656,1774372,6643,75244,34253,43796,20532,4835,4893.3,3452,2933.1,145,0.2,120.3,157.6,1103
2021-03-09,1479,1269,101915,9968,7690,11244,113305,2080,86919,3225923,1777810,6662,73402,33997,42739,20282,5267,4856.7,3438,2897.4,205,0.2,145.7,165,1155
2021-03-10,1313,1329,102256,6254,7476,196,102460,1972,87092,3231249,1781175,6694,71505,33962,41938,20077,5326,4851.7,3365,2868.1,173,0.2,174.3,158.9,1112
2021-03-11,1722,1310,102349,9969,7178,11229,113693,1978,87212,3236929,1784416,6710,70591,33883,41518,19973,5680,4840.4,3241,2853.3,120,0.1,166,153,1071
2021-03-12,1468,1331,102592,8561,6927,11281,113855,1898,87237,3237650,1787641,6771,64752,28358,40948,19489,721,4051.1,3225,2784.1,25,0,106,126.3,884
2021-03-13,1224,613,102617,8719,6780,11222,110818,1782,81572,3068511,1616673,6780,-108801,-144575,-131758,-153043,-169139,-20653.6,-170968,-21863.3,-5665,-6.5,-1840,-701.4,-4910
2021-03-14,604,265,0,1978,6300,125,99848,1430,76093,2811439,1573931,6795,-368932,-404382,-175688,-196989,-257072,-57768.9,-42742,-28141.3,-5479,-6.7,-3706.3,-1496.6,-10476
2021-03-15,192,347,0,180,2152,0,0,452,33721,1352116,413996,0,-1834287,-1868540,-1339844,-1360376,-1459323,-266934.3,-1159935,-194339.4,-42372,-55.7,-17838.7,-7570.4,-52993
