Fecha report,provincia,Hospitalizados,UCI
24/04/2020,Almería,39,12
24/04/2020,Cádiz,112,25
24/04/2020,Córdoba,62,23
24/04/2020,Granada,202,38
24/04/2020,Huelva,29,12
24/04/2020,Jaén,84,20
24/04/2020,Málaga,164,35
24/04/2020,Sevilla,168,41
25/04/2020,Almería,34,12
25/04/2020,Cádiz,108,24
25/04/2020,Córdoba,57,21
25/04/2020,Granada,191,38
25/04/2020,Huelva,25,9
25/04/2020,Jaén,80,19
25/04/2020,Málaga,146,34
25/04/2020,Sevilla,155,38
26/04/2020,Almería,33,10
26/04/2020,Cádiz,110,23
26/04/2020,Córdoba,55,18
26/04/2020,Granada,196,36
26/04/2020,Huelva,26,9
26/04/2020,Jaén,86,20
26/04/2020,Málaga,145,33
26/04/2020,Sevilla,159,38
27/04/2020,Almería,32,10
27/04/2020,Cádiz,113,23
27/04/2020,Córdoba,53,18
27/04/2020,Granada,192,34
27/04/2020,Huelva,31,9
27/04/2020,Jaén,79,20
27/04/2020,Málaga,145,32
27/04/2020,Sevilla,159,37
28/04/2020,Almería,34,9
28/04/2020,Cádiz,105,20
28/04/2020,Córdoba,55,17
28/04/2020,Granada,174,34
28/04/2020,Huelva,30,7
28/04/2020,Jaén,74,20
28/04/2020,Málaga,129,27
28/04/2020,Sevilla,148,38
29/04/2020,Almería,33,8
29/04/2020,Cádiz,108,20
29/04/2020,Córdoba,54,18
29/04/2020,Granada,158,31
29/04/2020,Huelva,23,6
29/04/2020,Jaén,68,20
29/04/2020,Málaga,123,26
29/04/2020,Sevilla,137,37
30/04/2020,Almería,28,6
30/04/2020,Cádiz,106,20
30/04/2020,Córdoba,47,18
30/04/2020,Granada,149,28
30/04/2020,Huelva,18,5
30/04/2020,Jaén,77,19
30/04/2020,Málaga,119,25
30/04/2020,Sevilla,130,37
01/05/2020,Almería,26,5
01/05/2020,Cádiz,105,18
01/05/2020,Córdoba,45,15
01/05/2020,Granada,124,30
01/05/2020,Huelva,16,5
01/05/2020,Jaén,69,16
01/05/2020,Málaga,117,24
01/05/2020,Sevilla,112,36
02/05/2020,Almería,27,4
02/05/2020,Cádiz,98,20
02/05/2020,Córdoba,43,14
02/05/2020,Granada,123,28
02/05/2020,Huelva,16,5
02/05/2020,Jaén,72,17
02/05/2020,Málaga,112,23
02/05/2020,Sevilla,106,31
03/05/2020,Almería,25,4
03/05/2020,Cádiz,88,18
03/05/2020,Córdoba,44,14
03/05/2020,Granada,125,28
03/05/2020,Huelva,12,4
03/05/2020,Jaén,76,16
03/05/2020,Málaga,111,21
03/05/2020,Sevilla,102,31
04/05/2020,Almería,25,4
04/05/2020,Cádiz,85,18
04/05/2020,Córdoba,41,14
04/05/2020,Granada,125,28
04/05/2020,Huelva,8,4
04/05/2020,Jaén,75,16
04/05/2020,Málaga,109,21
04/05/2020,Sevilla,101,31
05/05/2020,Almería,24,3
05/05/2020,Cádiz,92,18
05/05/2020,Córdoba,37,13
05/05/2020,Granada,119,24
05/05/2020,Huelva,8,4
05/05/2020,Jaén,76,15
05/05/2020,Málaga,97,17
05/05/2020,Sevilla,93,26
06/05/2020,Almería,24,1
06/05/2020,Cádiz,83,15
06/05/2020,Córdoba,37,11
06/05/2020,Granada,115,22
06/05/2020,Huelva,4,3
06/05/2020,Jaén,77,14
06/05/2020,Málaga,86,13
06/05/2020,Sevilla,81,26
07/05/2020,Almería,25,3
07/05/2020,Cádiz,76,15
07/05/2020,Córdoba,33,13
07/05/2020,Granada,103,22
07/05/2020,Huelva,4,3
07/05/2020,Jaén,67,14
07/05/2020,Málaga,84,14
07/05/2020,Sevilla,80,24
08/05/2020,Almería,19,2
08/05/2020,Cádiz,68,14
08/05/2020,Córdoba,37,13
08/05/2020,Granada,100,20
08/05/2020,Huelva,5,3
08/05/2020,Jaén,61,13
08/05/2020,Málaga,84,13
08/05/2020,Sevilla,71,24
09/05/2020,Almería,20,2
09/05/2020,Cádiz,58,14
09/05/2020,Córdoba,35,13
09/05/2020,Granada,82,18
09/05/2020,Huelva,5,3
09/05/2020,Jaén,52,12
09/05/2020,Málaga,80,13
09/05/2020,Sevilla,62,22
10/05/2020,Almería,21,2
10/05/2020,Cádiz,60,13
10/05/2020,Córdoba,32,12
10/05/2020,Granada,88,18
10/05/2020,Huelva,4,3
10/05/2020,Jaén,55,13
10/05/2020,Málaga,76,14
10/05/2020,Sevilla,70,22
11/05/2020,Almería,22,3
11/05/2020,Cádiz,57,13
11/05/2020,Córdoba,34,13
11/05/2020,Granada,87,18
11/05/2020,Huelva,5,4
11/05/2020,Jaén,53,12
11/05/2020,Málaga,71,14
11/05/2020,Sevilla,66,22
12/05/2020,Almería,20,3
12/05/2020,Cádiz,48,12
12/05/2020,Córdoba,35,13
12/05/2020,Granada,77,17
12/05/2020,Huelva,4,3
12/05/2020,Jaén,46,10
12/05/2020,Málaga,63,10
12/05/2020,Sevilla,64,22
13/05/2020,Almería,21,3
13/05/2020,Cádiz,50,12
13/05/2020,Córdoba,31,12
13/05/2020,Granada,69,17
13/05/2020,Huelva,6,3
13/05/2020,Jaén,43,9
13/05/2020,Málaga,64,13
13/05/2020,Sevilla,62,22
14/05/2020,Almería,19,2
14/05/2020,Cádiz,37,9
14/05/2020,Córdoba,30,12
14/05/2020,Granada,62,15
14/05/2020,Huelva,4,3
14/05/2020,Jaén,40,9
14/05/2020,Málaga,60,10
14/05/2020,Sevilla,63,16
15/05/2020,Almería,17,2
15/05/2020,Cádiz,30,9
15/05/2020,Córdoba,26,12
15/05/2020,Granada,58,12
15/05/2020,Huelva,4,4
15/05/2020,Jaén,39,8
15/05/2020,Málaga,56,7
15/05/2020,Sevilla,52,15
16/05/2020,Almería,18,2
16/05/2020,Cádiz,29,9
16/05/2020,Córdoba,25,12
16/05/2020,Granada,56,10
16/05/2020,Huelva,5,4
16/05/2020,Jaén,35,8
16/05/2020,Málaga,59,7
16/05/2020,Sevilla,42,13
17/05/2020,Almería,17,2
17/05/2020,Cádiz,27,9
17/05/2020,Córdoba,25,11
17/05/2020,Granada,52,10
17/05/2020,Huelva,4,3
17/05/2020,Jaén,38,8
17/05/2020,Málaga,57,8
17/05/2020,Sevilla,41,13
18/05/2020,Almería,18,3
18/05/2020,Cádiz,24,9
18/05/2020,Córdoba,28,10
18/05/2020,Granada,51,10
18/05/2020,Huelva,5,3
18/05/2020,Jaén,42,9
18/05/2020,Málaga,58,8
18/05/2020,Sevilla,39,13
19/05/2020,Almería,14,1
19/05/2020,Cádiz,20,8
19/05/2020,Córdoba,26,10
19/05/2020,Granada,42,8
19/05/2020,Huelva,5,3
19/05/2020,Jaén,36,9
19/05/2020,Málaga,69,5
19/05/2020,Sevilla,34,9
20/05/2020,Almería,13,1
20/05/2020,Cádiz,23,8
20/05/2020,Córdoba,24,10
20/05/2020,Granada,42,7
20/05/2020,Huelva,4,3
20/05/2020,Jaén,33,9
20/05/2020,Málaga,56,6
20/05/2020,Sevilla,31,8
21/05/2020,Almería,13,2
21/05/2020,Cádiz,24,7
21/05/2020,Córdoba,25,10
21/05/2020,Granada,37,6
21/05/2020,Huelva,4,3
21/05/2020,Jaén,33,10
21/05/2020,Málaga,45,6
21/05/2020,Sevilla,31,8
22/05/2020,Almería,12,2
22/05/2020,Cádiz,25,7
22/05/2020,Córdoba,26,10
22/05/2020,Granada,35,7
22/05/2020,Huelva,3,3
22/05/2020,Jaén,28,9
22/05/2020,Málaga,39,6
22/05/2020,Sevilla,29,8
23/05/2020,Almería,15,2
23/05/2020,Cádiz,27,7
23/05/2020,Córdoba,22,10
23/05/2020,Granada,33,7
23/05/2020,Huelva,4,3
23/05/2020,Jaén,26,9
23/05/2020,Málaga,30,4
23/05/2020,Sevilla,22,7
24/05/2020,Almería,15,3
24/05/2020,Cádiz,22,7
24/05/2020,Córdoba,21,10
24/05/2020,Granada,37,7
24/05/2020,Huelva,4,3
24/05/2020,Jaén,25,8
24/05/2020,Málaga,33,4
24/05/2020,Sevilla,21,7
25/05/2020,Almería,15,2
25/05/2020,Cádiz,19,7
25/05/2020,Córdoba,20,9
25/05/2020,Granada,37,7
25/05/2020,Huelva,4,3
25/05/2020,Jaén,27,9
25/05/2020,Málaga,29,4
25/05/2020,Sevilla,20,7
26/05/2020,Almería,13,2
26/05/2020,Cádiz,22,6
26/05/2020,Córdoba,24,9
26/05/2020,Granada,37,7
26/05/2020,Huelva,4,2
26/05/2020,Jaén,27,8
26/05/2020,Málaga,26,3
26/05/2020,Sevilla,21,7
27/05/2020,Almería,11,1
27/05/2020,Cádiz,23,6
27/05/2020,Córdoba,19,9
27/05/2020,Granada,30,7
27/05/2020,Huelva,4,2
27/05/2020,Jaén,17,7
27/05/2020,Málaga,23,3
27/05/2020,Sevilla,18,6
28/05/2020,Almería,11,0
28/05/2020,Cádiz,21,6
28/05/2020,Córdoba,17,9
28/05/2020,Granada,27,7
28/05/2020,Huelva,4,2
28/05/2020,Jaén,11,4
28/05/2020,Málaga,22,3
28/05/2020,Sevilla,18,6
29/05/2020,Almería,11,0
29/05/2020,Cádiz,23,6
29/05/2020,Córdoba,17,8
29/05/2020,Granada,27,7
29/05/2020,Huelva,4,1
29/05/2020,Jaén,7,2
29/05/2020,Málaga,22,3
29/05/2020,Sevilla,18,6
30/05/2020,Almería,10,0
30/05/2020,Cádiz,10,6
30/05/2020,Córdoba,15,8
30/05/2020,Granada,22,7
30/05/2020,Huelva,4,1
30/05/2020,Jaén,7,3
30/05/2020,Málaga,17,3
30/05/2020,Sevilla,14,6
31/05/2020,Almería,11,0
31/05/2020,Cádiz,9,6
31/05/2020,Córdoba,13,8
31/05/2020,Granada,21,7
31/05/2020,Huelva,4,1
31/05/2020,Jaén,6,2
31/05/2020,Málaga,17,3
31/05/2020,Sevilla,14,7
01/06/2020,Almería,11,0
01/06/2020,Cádiz,9,6
01/06/2020,Córdoba,13,8
01/06/2020,Granada,22,7
01/06/2020,Huelva,4,1
01/06/2020,Jaén,5,2
01/06/2020,Málaga,17,3
01/06/2020,Sevilla,13,6
02/06/2020,Almería,10,0
02/06/2020,Cádiz,8,5
02/06/2020,Córdoba,15,8
02/06/2020,Granada,23,7
02/06/2020,Huelva,5,1
02/06/2020,Jaén,2,1
02/06/2020,Málaga,20,4
02/06/2020,Sevilla,13,6
03/06/2020,Almería,12,0
03/06/2020,Cádiz,7,5
03/06/2020,Córdoba,15,7
03/06/2020,Granada,20,7
03/06/2020,Huelva,5,1
03/06/2020,Jaén,3,1
03/06/2020,Málaga,17,4
03/06/2020,Sevilla,15,5
04/06/2020,Almería,12,0
04/06/2020,Cádiz,8,5
04/06/2020,Córdoba,15,6
04/06/2020,Granada,17,6
04/06/2020,Huelva,3,1
04/06/2020,Jaén,2,1
04/06/2020,Málaga,17,4
04/06/2020,Sevilla,13,5
05/06/2020,Almería,9,0
05/06/2020,Cádiz,8,5
05/06/2020,Córdoba,16,6
05/06/2020,Granada,17,6
05/06/2020,Huelva,3,1
05/06/2020,Jaén,2,1
05/06/2020,Málaga,18,4
05/06/2020,Sevilla,12,5
06/06/2020,Almería,8,0
06/06/2020,Cádiz,8,5
06/06/2020,Córdoba,13,5
06/06/2020,Granada,16,6
06/06/2020,Huelva,3,1
06/06/2020,Jaén,2,1
06/06/2020,Málaga,19,3
06/06/2020,Sevilla,10,4
07/06/2020,Almería,8,0
07/06/2020,Cádiz,7,5
07/06/2020,Córdoba,13,5
07/06/2020,Granada,15,6
07/06/2020,Huelva,1,1
07/06/2020,Jaén,2,1
07/06/2020,Málaga,19,3
07/06/2020,Sevilla,9,3
08/06/2020,Almería,8,0
08/06/2020,Cádiz,7,5
08/06/2020,Córdoba,9,5
08/06/2020,Granada,16,6
08/06/2020,Huelva,1,1
08/06/2020,Jaén,1,1
08/06/2020,Málaga,18,3
08/06/2020,Sevilla,9,3
10/06/2020,Almería,7,0
10/06/2020,Cádiz,7,4
10/06/2020,Córdoba,5,2
10/06/2020,Granada,14,6
10/06/2020,Huelva,1,1
10/06/2020,Jaén,1,1
10/06/2020,Málaga,16,3
10/06/2020,Sevilla,9,3
11/06/2020,Almería,8,0
11/06/2020,Cádiz,8,5
11/06/2020,Córdoba,5,2
11/06/2020,Granada,10,4
11/06/2020,Huelva,1,1
11/06/2020,Jaén,1,1
11/06/2020,Málaga,17,3
11/06/2020,Sevilla,9,3
12/06/2020,Almería,6,0
12/06/2020,Cádiz,7,4
12/06/2020,Córdoba,4,1
12/06/2020,Granada,10,4
12/06/2020,Huelva,1,1
12/06/2020,Jaén,1,1
12/06/2020,Málaga,15,3
12/06/2020,Sevilla,9,3
13/06/2020,Almería,4,0
13/06/2020,Cádiz,7,4
13/06/2020,Córdoba,5,1
13/06/2020,Granada,10,3
13/06/2020,Huelva,1,1
13/06/2020,Jaén,1,1
13/06/2020,Málaga,12,2
13/06/2020,Sevilla,7,2
14/06/2020,Almería,4,0
14/06/2020,Cádiz,7,4
14/06/2020,Córdoba,5,1
14/06/2020,Granada,10,3
14/06/2020,Huelva,1,1
14/06/2020,Jaén,1,1
14/06/2020,Málaga,12,2
14/06/2020,Sevilla,7,2
15/06/2020,Almería,4,0
15/06/2020,Cádiz,7,4
15/06/2020,Córdoba,5,1
15/06/2020,Granada,10,3
15/06/2020,Huelva,1,1
15/06/2020,Jaén,1,1
15/06/2020,Málaga,12,2
15/06/2020,Sevilla,7,2
16/06/2020,Almería,4,0
16/06/2020,Cádiz,7,4
16/06/2020,Córdoba,5,1
16/06/2020,Granada,10,3
16/06/2020,Huelva,1,1
16/06/2020,Jaén,1,1
16/06/2020,Málaga,12,2
16/06/2020,Sevilla,8,2
17/06/2020,Almería,4,0
17/06/2020,Cádiz,9,4
17/06/2020,Córdoba,5,1
17/06/2020,Granada,10,3
17/06/2020,Huelva,1,1
17/06/2020,Jaén,1,1
17/06/2020,Málaga,11,2
17/06/2020,Sevilla,8,2
18/06/2020,Almería,4,0
18/06/2020,Cádiz,8,3
18/06/2020,Córdoba,4,1
18/06/2020,Granada,9,3
18/06/2020,Huelva,1,1
18/06/2020,Jaén,1,1
18/06/2020,Málaga,9,1
18/06/2020,Sevilla,6,1
19/06/2020,Almería,3,0
19/06/2020,Cádiz,10,3
19/06/2020,Córdoba,5,1
19/06/2020,Granada,8,3
19/06/2020,Huelva,1,1
19/06/2020,Jaén,1,1
19/06/2020,Málaga,10,1
19/06/2020,Sevilla,6,1
20/06/2020,Almería,4,0
20/06/2020,Cádiz,9,2
20/06/2020,Córdoba,5,1
20/06/2020,Granada,8,3
20/06/2020,Huelva,1,1
20/06/2020,Jaén,1,1
20/06/2020,Málaga,11,1
20/06/2020,Sevilla,6,1
21/06/2020,Almería,4,0
21/06/2020,Cádiz,7,1
21/06/2020,Córdoba,5,1
21/06/2020,Granada,9,3
21/06/2020,Huelva,1,1
21/06/2020,Jaén,1,1
21/06/2020,Málaga,11,1
21/06/2020,Sevilla,6,1
22/06/2020,Almería,4,0
22/06/2020,Cádiz,7,1
22/06/2020,Córdoba,5,1
22/06/2020,Granada,11,3
22/06/2020,Huelva,1,1
22/06/2020,Jaén,1,1
22/06/2020,Málaga,11,1
22/06/2020,Sevilla,5,1
23/06/2020,Almería,3,0
23/06/2020,Cádiz,7,1
23/06/2020,Córdoba,5,1
23/06/2020,Granada,11,5
23/06/2020,Huelva,2,1
23/06/2020,Jaén,1,1
23/06/2020,Málaga,11,1
23/06/2020,Sevilla,6,1
24/06/2020,Almería,2,0
24/06/2020,Cádiz,7,1
24/06/2020,Córdoba,4,1
24/06/2020,Granada,9,4
24/06/2020,Huelva,2,1
24/06/2020,Jaén,1,1
24/06/2020,Málaga,10,1
24/06/2020,Sevilla,5,1
25/06/2020,Almería,2,0
25/06/2020,Cádiz,7,1
25/06/2020,Córdoba,3,0
25/06/2020,Granada,10,5
25/06/2020,Huelva,3,2
25/06/2020,Jaén,1,1
25/06/2020,Málaga,11,1
25/06/2020,Sevilla,5,1
26/06/2020,Almería,2,0
26/06/2020,Cádiz,7,1
26/06/2020,Córdoba,5,1
26/06/2020,Granada,10,5
26/06/2020,Huelva,2,2
26/06/2020,Jaén,1,1
26/06/2020,Málaga,11,1
26/06/2020,Sevilla,5,1
27/06/2020,Almería,2,0
27/06/2020,Cádiz,7,1
27/06/2020,Córdoba,3,1
27/06/2020,Granada,12,5
27/06/2020,Huelva,2,2
27/06/2020,Jaén,0,0
27/06/2020,Málaga,11,1
27/06/2020,Sevilla,4,1
28/06/2020,Almería,2,0
28/06/2020,Cádiz,7,1
28/06/2020,Córdoba,5,2
28/06/2020,Granada,13,5
28/06/2020,Huelva,2,2
28/06/2020,Jaén,0,0
28/06/2020,Málaga,12,1
28/06/2020,Sevilla,4,1
29/06/2020,Almería,2,0
29/06/2020,Cádiz,8,1
29/06/2020,Córdoba,5,2
29/06/2020,Granada,12,4
29/06/2020,Huelva,2,2
29/06/2020,Jaén,0,0
29/06/2020,Málaga,13,1
29/06/2020,Sevilla,4,2
30/06/2020,Almería,3,1
30/06/2020,Cádiz,8,1
30/06/2020,Córdoba,5,2
30/06/2020,Granada,12,4
30/06/2020,Huelva,2,2
30/06/2020,Jaén,1,0
30/06/2020,Málaga,14,0
30/06/2020,Sevilla,4,2
01/07/2020,Almería,4,1
01/07/2020,Cádiz,8,1
01/07/2020,Córdoba,4,2
01/07/2020,Granada,13,4
01/07/2020,Huelva,2,1
01/07/2020,Jaén,0,0
01/07/2020,Málaga,13,0
01/07/2020,Sevilla,4,2
02/07/2020,Almería,4,1
02/07/2020,Cádiz,7,1
02/07/2020,Córdoba,4,2
02/07/2020,Granada,11,4
02/07/2020,Huelva,2,0
02/07/2020,Jaén,0,0
02/07/2020,Málaga,12,0
02/07/2020,Sevilla,4,2
03/07/2020,Almería,4,1
03/07/2020,Cádiz,6,1
03/07/2020,Córdoba,6,2
03/07/2020,Granada,10,4
03/07/2020,Huelva,2,0
03/07/2020,Jaén,0,0
03/07/2020,Málaga,10,0
03/07/2020,Sevilla,4,2
04/07/2020,Almería,6,1
04/07/2020,Cádiz,5,1
04/07/2020,Córdoba,4,2
04/07/2020,Granada,10,4
04/07/2020,Huelva,2,0
04/07/2020,Jaén,0,0
04/07/2020,Málaga,11,0
04/07/2020,Sevilla,4,2
05/07/2020,Almería,8,2
05/07/2020,Cádiz,5,1
05/07/2020,Córdoba,4,2
05/07/2020,Granada,10,4
05/07/2020,Huelva,2,0
05/07/2020,Jaén,0,0
05/07/2020,Málaga,14,0
05/07/2020,Sevilla,4,2
06/07/2020,Almería,8,2
06/07/2020,Cádiz,5,1
06/07/2020,Córdoba,4,2
06/07/2020,Granada,13,3
06/07/2020,Huelva,2,0
06/07/2020,Jaén,0,0
06/07/2020,Málaga,14,0
06/07/2020,Sevilla,4,2
07/07/2020,Almería,8,2
07/07/2020,Cádiz,6,1
07/07/2020,Córdoba,4,2
07/07/2020,Granada,13,3
07/07/2020,Huelva,2,0
07/07/2020,Jaén,0,0
07/07/2020,Málaga,13,0
07/07/2020,Sevilla,3,1
08/07/2020,Almería,8,2
08/07/2020,Cádiz,6,1
08/07/2020,Córdoba,4,2
08/07/2020,Granada,12,2
08/07/2020,Huelva,2,0
08/07/2020,Jaén,0,0
08/07/2020,Málaga,11,0
08/07/2020,Sevilla,3,1
09/07/2020,Almería,8,2
09/07/2020,Cádiz,6,1
09/07/2020,Córdoba,4,2
09/07/2020,Granada,11,2
09/07/2020,Huelva,1,0
09/07/2020,Jaén,0,0
09/07/2020,Málaga,8,0
09/07/2020,Sevilla,4,1
10/07/2020,Almería,8,2
10/07/2020,Cádiz,6,1
10/07/2020,Córdoba,4,2
10/07/2020,Granada,12,2
10/07/2020,Huelva,1,0
10/07/2020,Jaén,0,0
10/07/2020,Málaga,8,0
10/07/2020,Sevilla,3,1
11/07/2020,Almería,5,2
11/07/2020,Cádiz,6,1
11/07/2020,Córdoba,4,2
11/07/2020,Granada,12,2
11/07/2020,Huelva,1,0
11/07/2020,Jaén,0,0
11/07/2020,Málaga,9,0
11/07/2020,Sevilla,3,1
12/07/2020,Almería,8,3
12/07/2020,Cádiz,6,1
12/07/2020,Córdoba,4,2
12/07/2020,Granada,14,2
12/07/2020,Huelva,1,0
12/07/2020,Jaén,0,0
12/07/2020,Málaga,8,0
12/07/2020,Sevilla,3,1
13/07/2020,Almería,8,3
13/07/2020,Cádiz,6,1
13/07/2020,Córdoba,4,2
13/07/2020,Granada,13,2
13/07/2020,Huelva,1,0
13/07/2020,Jaén,0,0
13/07/2020,Málaga,9,0
13/07/2020,Sevilla,3,1
14/07/2020,Almería,8,3
14/07/2020,Cádiz,6,1
14/07/2020,Córdoba,5,2
14/07/2020,Granada,13,1
14/07/2020,Huelva,1,0
14/07/2020,Jaén,0,0
14/07/2020,Málaga,9,0
14/07/2020,Sevilla,3,1
15/07/2020,Almería,6,3
15/07/2020,Cádiz,5,1
15/07/2020,Córdoba,4,2
15/07/2020,Granada,10,2
15/07/2020,Huelva,1,0
15/07/2020,Jaén,1,0
15/07/2020,Málaga,10,0
15/07/2020,Sevilla,2,1
16/07/2020,Almería,6,3
16/07/2020,Cádiz,5,0
16/07/2020,Córdoba,4,2
16/07/2020,Granada,10,2
16/07/2020,Huelva,1,0
16/07/2020,Jaén,1,0
16/07/2020,Málaga,4,0
16/07/2020,Sevilla,2,1
17/07/2020,Almería,4,2
17/07/2020,Cádiz,6,0
17/07/2020,Córdoba,4,2
17/07/2020,Granada,10,2
17/07/2020,Huelva,1,0
17/07/2020,Jaén,2,0
17/07/2020,Málaga,8,0
17/07/2020,Sevilla,2,1
18/07/2020,Almería,7,2
18/07/2020,Cádiz,4,0
18/07/2020,Córdoba,4,2
18/07/2020,Granada,9,1
18/07/2020,Huelva,1,0
18/07/2020,Jaén,2,0
18/07/2020,Málaga,9,0
18/07/2020,Sevilla,2,1
19/07/2020,Almería,10,2
19/07/2020,Cádiz,3,0
19/07/2020,Córdoba,4,2
19/07/2020,Granada,12,1
19/07/2020,Huelva,1,0
19/07/2020,Jaén,2,0
19/07/2020,Málaga,10,0
19/07/2020,Sevilla,3,1
20/07/2020,Almería,9,1
20/07/2020,Cádiz,3,0
20/07/2020,Córdoba,4,2
20/07/2020,Granada,12,1
20/07/2020,Huelva,2,0
20/07/2020,Jaén,2,0
20/07/2020,Málaga,9,0
20/07/2020,Sevilla,4,1
21/07/2020,Almería,11,2
21/07/2020,Cádiz,4,0
21/07/2020,Córdoba,4,2
21/07/2020,Granada,13,0
21/07/2020,Huelva,2,0
21/07/2020,Jaén,2,0
21/07/2020,Málaga,9,0
21/07/2020,Sevilla,4,1
22/07/2020,Almería,12,2
22/07/2020,Cádiz,3,0
22/07/2020,Córdoba,5,2
22/07/2020,Granada,12,0
22/07/2020,Huelva,1,0
22/07/2020,Jaén,2,0
22/07/2020,Málaga,8,0
22/07/2020,Sevilla,4,1
23/07/2020,Almería,12,2
23/07/2020,Cádiz,4,0
23/07/2020,Córdoba,5,2
23/07/2020,Granada,11,0
23/07/2020,Huelva,1,0
23/07/2020,Jaén,2,0
23/07/2020,Málaga,6,0
23/07/2020,Sevilla,3,1
24/07/2020,Almería,14,2
24/07/2020,Cádiz,4,0
24/07/2020,Córdoba,6,2
24/07/2020,Granada,9,0
24/07/2020,Huelva,1,0
24/07/2020,Jaén,2,0
24/07/2020,Málaga,6,0
24/07/2020,Sevilla,3,1
25/07/2020,Almería,16,2
25/07/2020,Cádiz,4,0
25/07/2020,Córdoba,6,1
25/07/2020,Granada,9,0
25/07/2020,Huelva,0,0
25/07/2020,Jaén,1,0
25/07/2020,Málaga,7,0
25/07/2020,Sevilla,3,1
26/07/2020,Almería,17,2
26/07/2020,Cádiz,4,0
26/07/2020,Córdoba,8,2
26/07/2020,Granada,10,0
26/07/2020,Huelva,0,0
26/07/2020,Jaén,1,0
26/07/2020,Málaga,6,0
26/07/2020,Sevilla,3,1
27/07/2020,Almería,20,3
27/07/2020,Cádiz,5,0
27/07/2020,Córdoba,8,2
27/07/2020,Granada,11,0
27/07/2020,Huelva,0,0
27/07/2020,Jaén,1,0
27/07/2020,Málaga,8,0
27/07/2020,Sevilla,3,2
28/07/2020,Almería,18,3
28/07/2020,Cádiz,4,0
28/07/2020,Córdoba,8,2
28/07/2020,Granada,9,0
28/07/2020,Huelva,0,0
28/07/2020,Jaén,1,0
28/07/2020,Málaga,9,0
28/07/2020,Sevilla,3,2
29/07/2020,Almería,17,4
29/07/2020,Cádiz,4,0
29/07/2020,Córdoba,8,2
29/07/2020,Granada,8,0
29/07/2020,Huelva,1,0
29/07/2020,Jaén,2,1
29/07/2020,Málaga,8,0
29/07/2020,Sevilla,3,2
30/07/2020,Almería,19,4
30/07/2020,Cádiz,4,0
30/07/2020,Córdoba,8,2
30/07/2020,Granada,11,0
30/07/2020,Huelva,2,0
30/07/2020,Jaén,2,1
30/07/2020,Málaga,9,0
30/07/2020,Sevilla,3,1
31/07/2020,Almería,20,4
31/07/2020,Cádiz,3,0
31/07/2020,Córdoba,8,2
31/07/2020,Granada,12,0
31/07/2020,Huelva,2,0
31/07/2020,Jaén,2,1
31/07/2020,Málaga,10,1
31/07/2020,Sevilla,3,1
01/08/2020,Almería,22,4
01/08/2020,Cádiz,3,0
01/08/2020,Córdoba,10,2
01/08/2020,Granada,10,0
01/08/2020,Huelva,2,0
01/08/2020,Jaén,0,0
01/08/2020,Málaga,10,1
01/08/2020,Sevilla,3,1
02/08/2020,Almería,28,4
02/08/2020,Cádiz,6,1
02/08/2020,Córdoba,10,2
02/08/2020,Granada,12,1
02/08/2020,Huelva,2,0
02/08/2020,Jaén,0,0
02/08/2020,Málaga,11,1
02/08/2020,Sevilla,3,1
03/08/2020,Almería,32,5
03/08/2020,Cádiz,7,1
03/08/2020,Córdoba,10,1
03/08/2020,Granada,12,1
03/08/2020,Huelva,3,0
03/08/2020,Jaén,0,0
03/08/2020,Málaga,12,1
03/08/2020,Sevilla,5,1
04/08/2020,Almería,36,8
04/08/2020,Cádiz,8,2
04/08/2020,Córdoba,10,1
04/08/2020,Granada,13,1
04/08/2020,Huelva,3,0
04/08/2020,Jaén,1,0
04/08/2020,Málaga,14,1
04/08/2020,Sevilla,5,1
05/08/2020,Almería,40,10
05/08/2020,Cádiz,10,2
05/08/2020,Córdoba,10,1
05/08/2020,Granada,11,1
05/08/2020,Huelva,3,0
05/08/2020,Jaén,4,0
05/08/2020,Málaga,13,1
05/08/2020,Sevilla,6,1
06/08/2020,Almería,42,10
06/08/2020,Cádiz,10,2
06/08/2020,Córdoba,10,1
06/08/2020,Granada,12,1
06/08/2020,Huelva,3,1
06/08/2020,Jaén,3,0
06/08/2020,Málaga,15,1
06/08/2020,Sevilla,5,1
07/08/2020,Almería,46,9
07/08/2020,Cádiz,9,2
07/08/2020,Córdoba,9,1
07/08/2020,Granada,10,1
07/08/2020,Huelva,3,1
07/08/2020,Jaén,5,0
07/08/2020,Málaga,16,2
07/08/2020,Sevilla,7,0
08/08/2020,Almería,48,10
08/08/2020,Cádiz,10,2
08/08/2020,Córdoba,10,1
08/08/2020,Granada,8,1
08/08/2020,Huelva,3,1
08/08/2020,Jaén,5,0
08/08/2020,Málaga,15,2
08/08/2020,Sevilla,7,0
09/08/2020,Almería,48,11
09/08/2020,Cádiz,11,4
09/08/2020,Córdoba,10,1
09/08/2020,Granada,8,1
09/08/2020,Huelva,3,1
09/08/2020,Jaén,4,0
09/08/2020,Málaga,18,2
09/08/2020,Sevilla,8,0
10/08/2020,Almería,51,12
10/08/2020,Cádiz,11,4
10/08/2020,Córdoba,11,2
10/08/2020,Granada,10,1
10/08/2020,Huelva,3,1
10/08/2020,Jaén,4,0
10/08/2020,Málaga,22,3
10/08/2020,Sevilla,9,1
11/08/2020,Almería,45,12
11/08/2020,Cádiz,10,2
11/08/2020,Córdoba,14,2
11/08/2020,Granada,9,1
11/08/2020,Huelva,3,1
11/08/2020,Jaén,5,0
11/08/2020,Málaga,22,2
11/08/2020,Sevilla,7,1
12/08/2020,Almería,49,14
12/08/2020,Cádiz,13,4
12/08/2020,Córdoba,13,2
12/08/2020,Granada,11,1
12/08/2020,Huelva,3,1
12/08/2020,Jaén,8,0
12/08/2020,Málaga,27,3
12/08/2020,Sevilla,9,1
13/08/2020,Almería,55,14
13/08/2020,Cádiz,13,5
13/08/2020,Córdoba,11,2
13/08/2020,Granada,12,2
13/08/2020,Huelva,4,1
13/08/2020,Jaén,9,0
13/08/2020,Málaga,27,3
13/08/2020,Sevilla,11,2
14/08/2020,Almería,54,14
14/08/2020,Cádiz,18,5
14/08/2020,Córdoba,12,2
14/08/2020,Granada,14,2
14/08/2020,Huelva,5,1
14/08/2020,Jaén,10,0
14/08/2020,Málaga,32,3
14/08/2020,Sevilla,13,2
15/08/2020,Almería,57,15
15/08/2020,Cádiz,19,6
15/08/2020,Córdoba,12,2
15/08/2020,Granada,17,2
15/08/2020,Huelva,4,1
15/08/2020,Jaén,10,0
15/08/2020,Málaga,38,5
15/08/2020,Sevilla,14,3
16/08/2020,Almería,56,17
16/08/2020,Cádiz,19,4
16/08/2020,Córdoba,13,2
16/08/2020,Granada,22,3
16/08/2020,Huelva,4,1
16/08/2020,Jaén,9,1
16/08/2020,Málaga,42,3
16/08/2020,Sevilla,17,4
17/08/2020,Almería,62,17
17/08/2020,Cádiz,22,4
17/08/2020,Córdoba,13,2
17/08/2020,Granada,22,4
17/08/2020,Huelva,5,1
17/08/2020,Jaén,9,1
17/08/2020,Málaga,44,3
17/08/2020,Sevilla,19,5
18/08/2020,Almería,69,14
18/08/2020,Cádiz,22,5
18/08/2020,Córdoba,17,2
18/08/2020,Granada,21,2
18/08/2020,Huelva,7,1
18/08/2020,Jaén,9,1
18/08/2020,Málaga,55,4
18/08/2020,Sevilla,21,5
19/08/2020,Almería,73,15
19/08/2020,Cádiz,29,4
19/08/2020,Córdoba,14,2
19/08/2020,Granada,25,2
19/08/2020,Huelva,8,1
19/08/2020,Jaén,6,0
19/08/2020,Málaga,59,7
19/08/2020,Sevilla,20,4
20/08/2020,Almería,79,15
20/08/2020,Cádiz,27,4
20/08/2020,Córdoba,20,2
20/08/2020,Granada,29,3
20/08/2020,Huelva,7,0
20/08/2020,Jaén,9,0
20/08/2020,Málaga,63,6
20/08/2020,Sevilla,22,5
21/08/2020,Almería,72,15
21/08/2020,Cádiz,23,6
21/08/2020,Córdoba,19,0
21/08/2020,Granada,30,3
21/08/2020,Huelva,7,0
21/08/2020,Jaén,9,1
21/08/2020,Málaga,67,7
21/08/2020,Sevilla,21,5
22/08/2020,Almería,68,15
22/08/2020,Cádiz,34,7
22/08/2020,Córdoba,22,0
22/08/2020,Granada,34,3
22/08/2020,Huelva,3,0
22/08/2020,Jaén,11,1
22/08/2020,Málaga,71,6
22/08/2020,Sevilla,24,4
23/08/2020,Almería,72,12
23/08/2020,Cádiz,36,8
23/08/2020,Córdoba,24,0
23/08/2020,Granada,33,3
23/08/2020,Huelva,4,0
23/08/2020,Jaén,13,2
23/08/2020,Málaga,79,6
23/08/2020,Sevilla,29,6
24/08/2020,Almería,80,14
24/08/2020,Cádiz,40,9
24/08/2020,Córdoba,27,0
24/08/2020,Granada,33,1
24/08/2020,Huelva,4,0
24/08/2020,Jaén,12,1
24/08/2020,Málaga,82,6
24/08/2020,Sevilla,30,5
25/08/2020,Almería,85,13
25/08/2020,Cádiz,38,8
25/08/2020,Córdoba,32,1
25/08/2020,Granada,32,1
25/08/2020,Huelva,4,1
25/08/2020,Jaén,12,2
25/08/2020,Málaga,103,8
25/08/2020,Sevilla,35,5
26/08/2020,Almería,89,14
26/08/2020,Cádiz,47,9
26/08/2020,Córdoba,33,1
26/08/2020,Granada,36,1
26/08/2020,Huelva,6,1
26/08/2020,Jaén,10,2
26/08/2020,Málaga,110,8
26/08/2020,Sevilla,40,8
27/08/2020,Almería,92,16
27/08/2020,Cádiz,45,12
27/08/2020,Córdoba,39,2
27/08/2020,Granada,34,3
27/08/2020,Huelva,5,1
27/08/2020,Jaén,10,2
27/08/2020,Málaga,131,9
27/08/2020,Sevilla,36,9
28/08/2020,Almería,97,18
28/08/2020,Cádiz,50,11
28/08/2020,Córdoba,44,2
28/08/2020,Granada,35,2
28/08/2020,Huelva,5,1
28/08/2020,Jaén,15,3
28/08/2020,Málaga,130,11
28/08/2020,Sevilla,40,9
29/08/2020,Almería,93,19
29/08/2020,Cádiz,46,12
29/08/2020,Córdoba,44,2
29/08/2020,Granada,40,2
29/08/2020,Huelva,4,1
29/08/2020,Jaén,20,4
29/08/2020,Málaga,131,14
29/08/2020,Sevilla,35,7
30/08/2020,Almería,100,20
30/08/2020,Cádiz,55,13
30/08/2020,Córdoba,51,3
30/08/2020,Granada,42,3
30/08/2020,Huelva,4,1
30/08/2020,Jaén,18,4
30/08/2020,Málaga,139,17
30/08/2020,Sevilla,39,8
31/08/2020,Almería,110,21
31/08/2020,Cádiz,64,12
31/08/2020,Córdoba,49,3
31/08/2020,Granada,48,4
31/08/2020,Huelva,4,0
31/08/2020,Jaén,22,4
31/08/2020,Málaga,151,19
31/08/2020,Sevilla,45,9
01/09/2020,Almería,114,21
01/09/2020,Cádiz,72,13
01/09/2020,Córdoba,56,3
01/09/2020,Granada,55,2
01/09/2020,Huelva,4,0
01/09/2020,Jaén,21,4
01/09/2020,Málaga,147,19
01/09/2020,Sevilla,53,8
02/09/2020,Almería,107,19
02/09/2020,Cádiz,78,13
02/09/2020,Córdoba,65,4
02/09/2020,Granada,61,5
02/09/2020,Huelva,4,0
02/09/2020,Jaén,23,5
02/09/2020,Málaga,159,22
02/09/2020,Sevilla,70,10
03/09/2020,Almería,102,18
03/09/2020,Cádiz,86,15
03/09/2020,Córdoba,73,8
03/09/2020,Granada,63,9
03/09/2020,Huelva,3,0
03/09/2020,Jaén,24,5
03/09/2020,Málaga,168,23
03/09/2020,Sevilla,85,9
04/09/2020,Almería,98,18
04/09/2020,Cádiz,88,17
04/09/2020,Córdoba,81,10
04/09/2020,Granada,64,11
04/09/2020,Huelva,3,0
04/09/2020,Jaén,27,5
04/09/2020,Málaga,171,25
04/09/2020,Sevilla,100,11
05/09/2020,Almería,84,17
05/09/2020,Cádiz,88,19
05/09/2020,Córdoba,75,8
05/09/2020,Granada,66,12
05/09/2020,Huelva,2,0
05/09/2020,Jaén,25,6
05/09/2020,Málaga,173,28
05/09/2020,Sevilla,111,12
06/09/2020,Almería,84,18
06/09/2020,Cádiz,94,17
06/09/2020,Córdoba,85,11
06/09/2020,Granada,77,14
06/09/2020,Huelva,3,1
06/09/2020,Jaén,27,6
06/09/2020,Málaga,212,30
06/09/2020,Sevilla,116,13
07/09/2020,Almería,92,16
07/09/2020,Cádiz,104,17
07/09/2020,Córdoba,89,13
07/09/2020,Granada,78,15
07/09/2020,Huelva,3,1
07/09/2020,Jaén,31,9
07/09/2020,Málaga,222,30
07/09/2020,Sevilla,131,16
08/09/2020,Almería,88,16
08/09/2020,Cádiz,110,19
08/09/2020,Córdoba,87,13
08/09/2020,Granada,80,12
08/09/2020,Huelva,5,1
08/09/2020,Jaén,29,9
08/09/2020,Málaga,228,32
08/09/2020,Sevilla,138,16
09/09/2020,Almería,79,17
09/09/2020,Cádiz,107,16
09/09/2020,Córdoba,87,13
09/09/2020,Granada,83,11
09/09/2020,Huelva,5,1
09/09/2020,Jaén,32,7
09/09/2020,Málaga,228,31
09/09/2020,Sevilla,169,17
10/09/2020,Almería,69,13
10/09/2020,Cádiz,109,17
10/09/2020,Córdoba,85,13
10/09/2020,Granada,87,11
10/09/2020,Huelva,5,1
10/09/2020,Jaén,36,7
10/09/2020,Málaga,235,31
10/09/2020,Sevilla,182,19
11/09/2020,Almería,66,12
11/09/2020,Cádiz,110,16
11/09/2020,Córdoba,89,13
11/09/2020,Granada,94,11
11/09/2020,Huelva,5,1
11/09/2020,Jaén,37,9
11/09/2020,Málaga,237,38
11/09/2020,Sevilla,181,18
12/09/2020,Almería,66,13
12/09/2020,Cádiz,114,16
12/09/2020,Córdoba,89,15
12/09/2020,Granada,97,11
12/09/2020,Huelva,4,0
12/09/2020,Jaén,39,7
12/09/2020,Málaga,221,32
12/09/2020,Sevilla,188,18
13/09/2020,Almería,73,14
13/09/2020,Cádiz,115,17
13/09/2020,Córdoba,88,13
13/09/2020,Granada,100,11
13/09/2020,Huelva,4,1
13/09/2020,Jaén,42,8
13/09/2020,Málaga,227,33
13/09/2020,Sevilla,219,18
16/09/2020,Almería,66,16
16/09/2020,Cádiz,120,19
16/09/2020,Córdoba,97,13
16/09/2020,Granada,110,12
16/09/2020,Huelva,7,1
16/09/2020,Jaén,50,8
16/09/2020,Málaga,225,33
16/09/2020,Sevilla,265,18
17/09/2020,Almería,57,13
17/09/2020,Cádiz,124,20
17/09/2020,Córdoba,103,16
17/09/2020,Granada,97,13
17/09/2020,Huelva,8,2
17/09/2020,Jaén,49,7
17/09/2020,Málaga,241,36
17/09/2020,Sevilla,266,19
18/09/2020,Almería,50,15
18/09/2020,Cádiz,131,20
18/09/2020,Córdoba,104,15
18/09/2020,Granada,115,12
18/09/2020,Huelva,6,2
18/09/2020,Jaén,47,8
18/09/2020,Málaga,239,33
18/09/2020,Sevilla,259,23
19/09/2020,Almería,46,14
19/09/2020,Cádiz,136,25
19/09/2020,Córdoba,109,15
19/09/2020,Granada,121,12
19/09/2020,Huelva,6,2
19/09/2020,Jaén,52,8
19/09/2020,Málaga,217,32
19/09/2020,Sevilla,253,26
20/09/2020,Almería,45,13
20/09/2020,Cádiz,142,24
20/09/2020,Córdoba,121,17
20/09/2020,Granada,126,12
20/09/2020,Huelva,8,2
20/09/2020,Jaén,55,7
20/09/2020,Málaga,229,32
20/09/2020,Sevilla,262,29
22/09/2020,Almería,43,14
22/09/2020,Cádiz,138,26
22/09/2020,Córdoba,128,13
22/09/2020,Granada,129,10
22/09/2020,Huelva,13,2
22/09/2020,Jaén,68,7
22/09/2020,Málaga,213,31
22/09/2020,Sevilla,287,33
23/09/2020,Almería,45,13
23/09/2020,Cádiz,131,27
23/09/2020,Córdoba,126,12
23/09/2020,Granada,128,9
23/09/2020,Huelva,13,2
23/09/2020,Jaén,75,5
23/09/2020,Málaga,206,31
23/09/2020,Sevilla,293,36
24/09/2020,Almería,46,11
24/09/2020,Cádiz,133,28
24/09/2020,Córdoba,125,13
24/09/2020,Granada,114,8
24/09/2020,Huelva,11,1
24/09/2020,Jaén,75,5
24/09/2020,Málaga,203,31
24/09/2020,Sevilla,310,37
25/09/2020,Almería,47,11
25/09/2020,Cádiz,138,26
25/09/2020,Córdoba,132,15
25/09/2020,Granada,123,8
25/09/2020,Huelva,13,1
25/09/2020,Jaén,74,9
25/09/2020,Málaga,197,29
25/09/2020,Sevilla,329,41
26/09/2020,Almería,40,11
26/09/2020,Cádiz,133,27
26/09/2020,Córdoba,134,15
26/09/2020,Granada,106,8
26/09/2020,Huelva,13,0
26/09/2020,Jaén,76,10
26/09/2020,Málaga,193,29
26/09/2020,Sevilla,328,42
27/09/2020,Almería,44,12
27/09/2020,Cádiz,134,29
27/09/2020,Córdoba,144,17
27/09/2020,Granada,111,9
27/09/2020,Huelva,15,0
27/09/2020,Jaén,75,11
27/09/2020,Málaga,201,30
27/09/2020,Sevilla,341,45
28/09/2020,Almería,47,12
28/09/2020,Cádiz,138,32
28/09/2020,Córdoba,146,17
28/09/2020,Granada,111,9
28/09/2020,Huelva,16,0
28/09/2020,Jaén,86,10
28/09/2020,Málaga,205,29
28/09/2020,Sevilla,354,45
29/09/2020,Almería,42,11
29/09/2020,Cádiz,127,27
29/09/2020,Córdoba,146,17
29/09/2020,Granada,105,10
29/09/2020,Huelva,18,0
29/09/2020,Jaén,86,11
29/09/2020,Málaga,204,29
29/09/2020,Sevilla,356,46
30/09/2020,Almería,44,13
30/09/2020,Cádiz,123,26
30/09/2020,Córdoba,133,18
30/09/2020,Granada,105,12
30/09/2020,Huelva,19,0
30/09/2020,Jaén,82,11
30/09/2020,Málaga,191,30
30/09/2020,Sevilla,346,44
01/10/2020,Almería,40,11
01/10/2020,Cádiz,119,26
01/10/2020,Córdoba,126,16
01/10/2020,Granada,101,12
01/10/2020,Huelva,20,0
01/10/2020,Jaén,92,12
01/10/2020,Málaga,187,31
01/10/2020,Sevilla,336,48
02/10/2020,Almería,38,11
02/10/2020,Cádiz,116,23
02/10/2020,Córdoba,125,16
02/10/2020,Granada,106,14
02/10/2020,Huelva,20,1
02/10/2020,Jaén,93,12
02/10/2020,Málaga,175,27
02/10/2020,Sevilla,325,47
03/10/2020,Almería,39,12
03/10/2020,Cádiz,117,25
03/10/2020,Córdoba,120,16
03/10/2020,Granada,115,15
03/10/2020,Huelva,22,2
03/10/2020,Jaén,87,14
03/10/2020,Málaga,163,25
03/10/2020,Sevilla,335,47
04/10/2020,Almería,37,12
04/10/2020,Cádiz,120,25
04/10/2020,Córdoba,126,17
04/10/2020,Granada,125,15
04/10/2020,Huelva,24,3
04/10/2020,Jaén,88,12
04/10/2020,Málaga,171,24
04/10/2020,Sevilla,333,39
05/10/2020,Almería,38,13
05/10/2020,Cádiz,120,25
05/10/2020,Córdoba,141,19
05/10/2020,Granada,129,14
05/10/2020,Huelva,31,3
05/10/2020,Jaén,94,10
05/10/2020,Málaga,178,24
05/10/2020,Sevilla,344,41
06/10/2020,Almería,36,13
06/10/2020,Cádiz,121,21
06/10/2020,Córdoba,130,18
06/10/2020,Granada,133,15
06/10/2020,Huelva,31,5
06/10/2020,Jaén,90,10
06/10/2020,Málaga,180,23
06/10/2020,Sevilla,337,39
07/10/2020,Almería,33,11
07/10/2020,Cádiz,111,19
07/10/2020,Córdoba,130,15
07/10/2020,Granada,142,15
07/10/2020,Huelva,33,4
07/10/2020,Jaén,94,12
07/10/2020,Málaga,175,22
07/10/2020,Sevilla,310,41
08/10/2020,Almería,34,11
08/10/2020,Cádiz,111,20
08/10/2020,Córdoba,128,16
08/10/2020,Granada,146,18
08/10/2020,Huelva,35,5
08/10/2020,Jaén,95,13
08/10/2020,Málaga,173,22
08/10/2020,Sevilla,294,41
09/10/2020,Almería,22,13
09/10/2020,Cádiz,113,21
09/10/2020,Córdoba,137,17
09/10/2020,Granada,149,20
09/10/2020,Huelva,39,4
09/10/2020,Jaén,97,15
09/10/2020,Málaga,167,20
09/10/2020,Sevilla,289,41
10/10/2020,Almería,37,14
10/10/2020,Cádiz,115,20
10/10/2020,Córdoba,128,17
10/10/2020,Granada,146,21
10/10/2020,Huelva,41,4
10/10/2020,Jaén,103,14
10/10/2020,Málaga,144,21
10/10/2020,Sevilla,290,42
11/10/2020,Almería,49,15
11/10/2020,Cádiz,123,22
11/10/2020,Córdoba,129,18
11/10/2020,Granada,165,23
11/10/2020,Huelva,42,4
11/10/2020,Jaén,116,15
11/10/2020,Málaga,150,23
11/10/2020,Sevilla,310,42
12/10/2020,Almería,54,13
12/10/2020,Cádiz,128,20
12/10/2020,Córdoba,132,19
12/10/2020,Granada,184,24
12/10/2020,Huelva,45,6
12/10/2020,Jaén,120,13
12/10/2020,Málaga,158,23
12/10/2020,Sevilla,331,42
13/10/2020,Almería,53,13
13/10/2020,Cádiz,133,18
13/10/2020,Córdoba,131,20
13/10/2020,Granada,202,26
13/10/2020,Huelva,46,7
13/10/2020,Jaén,126,12
13/10/2020,Málaga,170,23
13/10/2020,Sevilla,349,42
14/10/2020,Almería,56,12
14/10/2020,Cádiz,134,18
14/10/2020,Córdoba,122,20
14/10/2020,Granada,209,28
14/10/2020,Huelva,44,5
14/10/2020,Jaén,128,12
14/10/2020,Málaga,167,27
14/10/2020,Sevilla,360,44
15/10/2020,Almería,56,12
15/10/2020,Cádiz,136,20
15/10/2020,Córdoba,134,19
15/10/2020,Granada,235,34
15/10/2020,Huelva,43,5
15/10/2020,Jaén,129,13
15/10/2020,Málaga,166,27
15/10/2020,Sevilla,382,41
16/10/2020,Almería,53,12
16/10/2020,Cádiz,133,23
16/10/2020,Córdoba,137,19
16/10/2020,Granada,246,35
16/10/2020,Huelva,42,6
16/10/2020,Jaén,140,16
16/10/2020,Málaga,162,28
16/10/2020,Sevilla,404,43
17/10/2020,Almería,53,12
17/10/2020,Cádiz,134,22
17/10/2020,Córdoba,131,17
17/10/2020,Granada,252,35
17/10/2020,Huelva,41,5
17/10/2020,Jaén,131,19
17/10/2020,Málaga,160,28
17/10/2020,Sevilla,397,43
18/10/2020,Almería,55,11
18/10/2020,Cádiz,143,20
18/10/2020,Córdoba,138,18
18/10/2020,Granada,283,36
18/10/2020,Huelva,44,6
18/10/2020,Jaén,145,19
18/10/2020,Málaga,164,27
18/10/2020,Sevilla,426,51
19/10/2020,Almería,58,13
19/10/2020,Cádiz,154,21
19/10/2020,Córdoba,147,17
19/10/2020,Granada,306,35
19/10/2020,Huelva,46,5
19/10/2020,Jaén,150,20
19/10/2020,Málaga,172,29
19/10/2020,Sevilla,473,53
20/10/2020,Almería,62,13
20/10/2020,Cádiz,150,21
20/10/2020,Córdoba,145,18
20/10/2020,Granada,320,43
20/10/2020,Huelva,53,7
20/10/2020,Jaén,158,19
20/10/2020,Málaga,191,27
20/10/2020,Sevilla,488,50
21/10/2020,Almería,58,14
21/10/2020,Cádiz,171,19
21/10/2020,Córdoba,155,15
21/10/2020,Granada,360,51
21/10/2020,Huelva,53,5
21/10/2020,Jaén,157,19
21/10/2020,Málaga,203,30
21/10/2020,Sevilla,518,48
22/10/2020,Almería,55,12
22/10/2020,Cádiz,181,21
22/10/2020,Córdoba,168,16
22/10/2020,Granada,397,53
22/10/2020,Huelva,55,6
22/10/2020,Jaén,175,20
22/10/2020,Málaga,218,29
22/10/2020,Sevilla,545,62
23/10/2020,Almería,67,12
23/10/2020,Cádiz,199,23
23/10/2020,Córdoba,190,18
23/10/2020,Granada,428,54
23/10/2020,Huelva,56,6
23/10/2020,Jaén,220,22
23/10/2020,Málaga,215,26
23/10/2020,Sevilla,574,65
24/10/2020,Almería,71,15
24/10/2020,Cádiz,203,28
24/10/2020,Córdoba,182,16
24/10/2020,Granada,435,62
24/10/2020,Huelva,61,4
24/10/2020,Jaén,208,22
24/10/2020,Málaga,222,32
24/10/2020,Sevilla,588,70
25/10/2020,Almería,72,13
25/10/2020,Cádiz,221,30
25/10/2020,Córdoba,204,21
25/10/2020,Granada,498,68
25/10/2020,Huelva,65,4
25/10/2020,Jaén,228,25
25/10/2020,Málaga,227,35
25/10/2020,Sevilla,629,72
26/10/2020,Almería,70,13
26/10/2020,Cádiz,224,28
26/10/2020,Córdoba,222,27
26/10/2020,Granada,543,71
26/10/2020,Huelva,76,6
26/10/2020,Jaén,228,28
26/10/2020,Málaga,232,36
26/10/2020,Sevilla,667,73
27/10/2020,Almería,67,12
27/10/2020,Cádiz,225,30
27/10/2020,Córdoba,222,26
27/10/2020,Granada,558,75
27/10/2020,Huelva,83,6
27/10/2020,Jaén,232,29
27/10/2020,Málaga,237,37
27/10/2020,Sevilla,688,78
28/10/2020,Almería,66,10
28/10/2020,Cádiz,218,31
28/10/2020,Córdoba,223,27
28/10/2020,Granada,569,74
28/10/2020,Huelva,86,7
28/10/2020,Jaén,254,34
28/10/2020,Málaga,238,34
28/10/2020,Sevilla,691,79
29/10/2020,Almería,70,12
29/10/2020,Cádiz,214,33
29/10/2020,Córdoba,241,26
29/10/2020,Granada,597,82
29/10/2020,Huelva,101,7
29/10/2020,Jaén,266,37
29/10/2020,Málaga,239,37
29/10/2020,Sevilla,743,91
30/10/2020,Almería,82,13
30/10/2020,Cádiz,226,35
30/10/2020,Córdoba,249,28
30/10/2020,Granada,620,86
30/10/2020,Huelva,112,7
30/10/2020,Jaén,282,39
30/10/2020,Málaga,240,38
30/10/2020,Sevilla,751,94
31/10/2020,Almería,85,14
31/10/2020,Cádiz,234,37
31/10/2020,Córdoba,267,29
31/10/2020,Granada,642,92
31/10/2020,Huelva,113,10
31/10/2020,Jaén,288,39
31/10/2020,Málaga,248,40
31/10/2020,Sevilla,734,98
01/11/2020,Almería,96,16
01/11/2020,Cádiz,253,40
01/11/2020,Córdoba,277,31
01/11/2020,Granada,692,101
01/11/2020,Huelva,119,12
01/11/2020,Jaén,296,43
01/11/2020,Málaga,259,40
01/11/2020,Sevilla,772,98
02/11/2020,Almería,106,22
02/11/2020,Cádiz,274,42
02/11/2020,Córdoba,300,37
02/11/2020,Granada,743,100
02/11/2020,Huelva,123,13
02/11/2020,Jaén,315,43
02/11/2020,Málaga,261,40
02/11/2020,Sevilla,814,103
03/11/2020,Almería,109,23
03/11/2020,Cádiz,289,42
03/11/2020,Córdoba,321,38
03/11/2020,Granada,779,103
03/11/2020,Huelva,127,13
03/11/2020,Jaén,327,42
03/11/2020,Málaga,300,43
03/11/2020,Sevilla,869,104
04/11/2020,Almería,105,24
04/11/2020,Cádiz,282,41
04/11/2020,Córdoba,330,40
04/11/2020,Granada,801,107
04/11/2020,Huelva,138,14
04/11/2020,Jaén,341,43
04/11/2020,Málaga,304,39
04/11/2020,Sevilla,897,114
05/11/2020,Almería,111,23
05/11/2020,Cádiz,285,37
05/11/2020,Córdoba,325,40
05/11/2020,Granada,805,111
05/11/2020,Huelva,148,15
05/11/2020,Jaén,338,46
05/11/2020,Málaga,334,42
05/11/2020,Sevilla,880,112
06/11/2020,Almería,105,24
06/11/2020,Cádiz,282,38
06/11/2020,Córdoba,322,41
06/11/2020,Granada,808,111
06/11/2020,Huelva,148,17
06/11/2020,Jaén,346,51
06/11/2020,Málaga,326,47
06/11/2020,Sevilla,860,113
07/11/2020,Almería,112,26
07/11/2020,Cádiz,299,43
07/11/2020,Córdoba,296,44
07/11/2020,Granada,785,114
07/11/2020,Huelva,159,16
07/11/2020,Jaén,329,47
07/11/2020,Málaga,334,53
07/11/2020,Sevilla,837,112
08/11/2020,Almería,121,27
08/11/2020,Cádiz,326,45
08/11/2020,Córdoba,319,45
08/11/2020,Granada,843,113
08/11/2020,Huelva,161,15
08/11/2020,Jaén,341,46
08/11/2020,Málaga,367,55
08/11/2020,Sevilla,857,111
09/11/2020,Almería,130,29
09/11/2020,Cádiz,338,42
09/11/2020,Córdoba,341,46
09/11/2020,Granada,888,116
09/11/2020,Huelva,163,18
09/11/2020,Jaén,349,42
09/11/2020,Málaga,380,55
09/11/2020,Sevilla,889,112
10/11/2020,Almería,128,28
10/11/2020,Cádiz,339,44
10/11/2020,Córdoba,328,47
10/11/2020,Granada,879,122
10/11/2020,Huelva,169,18
10/11/2020,Jaén,363,48
10/11/2020,Málaga,381,58
10/11/2020,Sevilla,890,118
11/11/2020,Almería,129,28
11/11/2020,Cádiz,336,46
11/11/2020,Córdoba,326,55
11/11/2020,Granada,845,126
11/11/2020,Huelva,162,18
11/11/2020,Jaén,361,51
11/11/2020,Málaga,393,60
11/11/2020,Sevilla,877,122
12/11/2020,Almería,130,32
12/11/2020,Cádiz,354,44
12/11/2020,Córdoba,326,53
12/11/2020,Granada,818,130
12/11/2020,Huelva,163,17
12/11/2020,Jaén,347,52
12/11/2020,Málaga,393,60
12/11/2020,Sevilla,849,129
13/11/2020,Almería,122,33
13/11/2020,Cádiz,364,50
13/11/2020,Córdoba,328,48
13/11/2020,Granada,803,130
13/11/2020,Huelva,153,15
13/11/2020,Jaén,347,51
13/11/2020,Málaga,390,59
13/11/2020,Sevilla,822,131
14/11/2020,Almería,122,31
14/11/2020,Cádiz,340,50
14/11/2020,Córdoba,328,51
14/11/2020,Granada,742,130
14/11/2020,Huelva,148,14
14/11/2020,Jaén,333,48
14/11/2020,Málaga,380,54
14/11/2020,Sevilla,786,125
15/11/2020,Almería,132,30
15/11/2020,Cádiz,346,50
15/11/2020,Córdoba,334,50
15/11/2020,Granada,776,131
15/11/2020,Huelva,154,13
15/11/2020,Jaén,340,49
15/11/2020,Málaga,389,56
15/11/2020,Sevilla,798,126
16/11/2020,Almería,131,28
16/11/2020,Cádiz,369,59
16/11/2020,Córdoba,345,51
16/11/2020,Granada,790,135
16/11/2020,Huelva,154,14
16/11/2020,Jaén,354,53
16/11/2020,Málaga,409,57
16/11/2020,Sevilla,805,127
17/11/2020,Almería,133,35
17/11/2020,Cádiz,366,59
17/11/2020,Córdoba,323,51
17/11/2020,Granada,784,136
17/11/2020,Huelva,152,16
17/11/2020,Jaén,360,53
17/11/2020,Málaga,398,54
17/11/2020,Sevilla,765,124
18/11/2020,Almería,124,37
18/11/2020,Cádiz,380,58
18/11/2020,Córdoba,310,49
18/11/2020,Granada,736,135
18/11/2020,Huelva,148,16
18/11/2020,Jaén,331,50
18/11/2020,Málaga,392,52
18/11/2020,Sevilla,741,128
19/11/2020,Almería,124,37
19/11/2020,Cádiz,371,57
19/11/2020,Córdoba,308,50
19/11/2020,Granada,702,136
19/11/2020,Huelva,140,17
19/11/2020,Jaén,321,47
19/11/2020,Málaga,382,56
19/11/2020,Sevilla,690,119
21/11/2020,Almería,121,35
21/11/2020,Cádiz,352,58
21/11/2020,Córdoba,273,46
21/11/2020,Granada,638,128
21/11/2020,Huelva,133,18
21/11/2020,Jaén,293,45
21/11/2020,Málaga,352,53
21/11/2020,Sevilla,565,118
22/11/2020,Almería,127,39
22/11/2020,Cádiz,363,54
22/11/2020,Córdoba,278,47
22/11/2020,Granada,669,124
22/11/2020,Huelva,139,15
22/11/2020,Jaén,292,45
22/11/2020,Málaga,365,51
22/11/2020,Sevilla,552,113
23/11/2020,Almería,133,37
23/11/2020,Cádiz,381,52
23/11/2020,Córdoba,278,46
23/11/2020,Granada,685,127
23/11/2020,Huelva,143,15
23/11/2020,Jaén,290,42
23/11/2020,Málaga,367,53
23/11/2020,Sevilla,550,116
24/11/2020,Almería,143,41
24/11/2020,Cádiz,357,51
24/11/2020,Córdoba,254,47
24/11/2020,Granada,649,125
24/11/2020,Huelva,132,17
24/11/2020,Jaén,278,40
24/11/2020,Málaga,354,50
24/11/2020,Sevilla,520,112
25/11/2020,Almería,141,47
25/11/2020,Cádiz,350,54
25/11/2020,Córdoba,243,47
25/11/2020,Granada,601,118
25/11/2020,Huelva,139,19
25/11/2020,Jaén,273,45
25/11/2020,Málaga,345,46
25/11/2020,Sevilla,459,108
26/11/2020,Almería,135,47
26/11/2020,Cádiz,333,55
26/11/2020,Córdoba,227,42
26/11/2020,Granada,577,115
26/11/2020,Huelva,138,18
26/11/2020,Jaén,258,45
26/11/2020,Málaga,337,45
26/11/2020,Sevilla,410,109
27/11/2020,Almería,130,47
27/11/2020,Cádiz,327,55
27/11/2020,Córdoba,212,43
27/11/2020,Granada,541,110
27/11/2020,Huelva,124,17
27/11/2020,Jaén,238,45
27/11/2020,Málaga,322,43
27/11/2020,Sevilla,371,106
28/11/2020,Almería,121,39
28/11/2020,Cádiz,293,54
28/11/2020,Córdoba,188,42
28/11/2020,Granada,488,110
28/11/2020,Huelva,118,18
28/11/2020,Jaén,224,40
28/11/2020,Málaga,304,39
28/11/2020,Sevilla,326,101
29/11/2020,Almería,127,38
29/11/2020,Cádiz,304,53
29/11/2020,Córdoba,196,34
29/11/2020,Granada,477,105
29/11/2020,Huelva,121,18
29/11/2020,Jaén,233,39
29/11/2020,Málaga,317,40
29/11/2020,Sevilla,324,95
30/11/2020,Almería,134,41
30/11/2020,Cádiz,314,55
30/11/2020,Córdoba,198,33
30/11/2020,Granada,474,105
30/11/2020,Huelva,120,18
30/11/2020,Jaén,239,38
30/11/2020,Málaga,320,38
30/11/2020,Sevilla,325,91
01/12/2020,Almería,137,41
01/12/2020,Cádiz,301,57
01/12/2020,Córdoba,187,32
01/12/2020,Granada,446,103
01/12/2020,Huelva,113,18
01/12/2020,Jaén,219,36
01/12/2020,Málaga,298,35
01/12/2020,Sevilla,297,82
02/12/2020,Almería,135,41
02/12/2020,Cádiz,299,52
02/12/2020,Córdoba,180,31
02/12/2020,Granada,425,97
02/12/2020,Huelva,111,17
02/12/2020,Jaén,207,35
02/12/2020,Málaga,283,37
02/12/2020,Sevilla,284,78
03/12/2020,Almería,127,41
03/12/2020,Cádiz,275,50
03/12/2020,Córdoba,179,34
03/12/2020,Granada,398,95
03/12/2020,Huelva,104,17
03/12/2020,Jaén,206,36
03/12/2020,Málaga,275,33
03/12/2020,Sevilla,257,75
04/12/2020,Almería,111,41
04/12/2020,Cádiz,275,47
04/12/2020,Córdoba,161,33
04/12/2020,Granada,365,88
04/12/2020,Huelva,104,19
04/12/2020,Jaén,191,33
04/12/2020,Málaga,260,32
04/12/2020,Sevilla,240,72
05/12/2020,Almería,102,40
05/12/2020,Cádiz,241,47
05/12/2020,Córdoba,142,33
05/12/2020,Granada,327,87
05/12/2020,Huelva,96,18
05/12/2020,Jaén,173,36
05/12/2020,Málaga,240,34
05/12/2020,Sevilla,223,69
06/12/2020,Almería,111,37
06/12/2020,Cádiz,237,46
06/12/2020,Córdoba,144,32
06/12/2020,Granada,318,85
06/12/2020,Huelva,102,18
06/12/2020,Jaén,176,35
06/12/2020,Málaga,230,33
06/12/2020,Sevilla,214,67
07/12/2020,Almería,111,37
07/12/2020,Cádiz,250,45
07/12/2020,Córdoba,138,31
07/12/2020,Granada,326,84
07/12/2020,Huelva,103,17
07/12/2020,Jaén,176,32
07/12/2020,Málaga,231,33
07/12/2020,Sevilla,211,61
08/12/2020,Almería,115,37
08/12/2020,Cádiz,250,46
08/12/2020,Córdoba,145,30
08/12/2020,Granada,323,84
08/12/2020,Huelva,101,17
08/12/2020,Jaén,172,32
08/12/2020,Málaga,224,33
08/12/2020,Sevilla,204,58
09/12/2020,Almería,118,38
09/12/2020,Cádiz,253,46
09/12/2020,Córdoba,143,29
09/12/2020,Granada,322,85
09/12/2020,Huelva,106,15
09/12/2020,Jaén,183,31
09/12/2020,Málaga,220,30
09/12/2020,Sevilla,209,57
10/12/2020,Almería,122,39
10/12/2020,Cádiz,252,38
10/12/2020,Córdoba,135,27
10/12/2020,Granada,298,79
10/12/2020,Huelva,104,15
10/12/2020,Jaén,190,33
10/12/2020,Málaga,210,32
10/12/2020,Sevilla,195,55
11/12/2020,Almería,112,36
11/12/2020,Cádiz,234,40
11/12/2020,Córdoba,124,26
11/12/2020,Granada,291,77
11/12/2020,Huelva,96,12
11/12/2020,Jaén,165,34
11/12/2020,Málaga,201,29
11/12/2020,Sevilla,195,50
12/12/2020,Almería,111,32
12/12/2020,Cádiz,220,40
12/12/2020,Córdoba,119,24
12/12/2020,Granada,261,76
12/12/2020,Huelva,78,13
12/12/2020,Jaén,153,34
12/12/2020,Málaga,199,32
12/12/2020,Sevilla,188,50
13/12/2020,Almería,114,33
13/12/2020,Cádiz,226,39
13/12/2020,Córdoba,126,25
13/12/2020,Granada,258,68
13/12/2020,Huelva,78,14
13/12/2020,Jaén,157,30
13/12/2020,Málaga,197,31
13/12/2020,Sevilla,193,50
14/12/2020,Almería,122,33
14/12/2020,Cádiz,234,40
14/12/2020,Córdoba,124,24
14/12/2020,Granada,251,65
14/12/2020,Huelva,81,13
14/12/2020,Jaén,163,30
14/12/2020,Málaga,198,29
14/12/2020,Sevilla,200,50
15/12/2020,Almería,101,31
15/12/2020,Cádiz,234,41
15/12/2020,Córdoba,116,23
15/12/2020,Granada,228,60
15/12/2020,Huelva,83,13
15/12/2020,Jaén,164,29
15/12/2020,Málaga,192,30
15/12/2020,Sevilla,172,44
16/12/2020,Almería,114,30
16/12/2020,Cádiz,225,43
16/12/2020,Córdoba,106,19
16/12/2020,Granada,218,55
16/12/2020,Huelva,68,12
16/12/2020,Jaén,163,30
16/12/2020,Málaga,187,28
16/12/2020,Sevilla,172,44
17/12/2020,Almería,103,30
17/12/2020,Cádiz,234,46
17/12/2020,Córdoba,108,20
17/12/2020,Granada,216,54
17/12/2020,Huelva,64,11
17/12/2020,Jaén,157,31
17/12/2020,Málaga,169,27
17/12/2020,Sevilla,166,43
18/12/2020,Almería,102,28
18/12/2020,Cádiz,220,44
18/12/2020,Córdoba,105,19
18/12/2020,Granada,217,50
18/12/2020,Huelva,66,11
18/12/2020,Jaén,141,29
18/12/2020,Málaga,161,26
18/12/2020,Sevilla,176,44
19/12/2020,Almería,99,28
19/12/2020,Cádiz,210,44
19/12/2020,Córdoba,97,17
19/12/2020,Granada,210,50
19/12/2020,Huelva,57,10
19/12/2020,Jaén,143,29
19/12/2020,Málaga,149,25
19/12/2020,Sevilla,164,46
20/12/2020,Almería,103,28
20/12/2020,Cádiz,211,42
20/12/2020,Córdoba,100,17
20/12/2020,Granada,215,51
20/12/2020,Huelva,59,10
20/12/2020,Jaén,144,30
20/12/2020,Málaga,151,24
20/12/2020,Sevilla,169,45
21/12/2020,Almería,102,28
21/12/2020,Cádiz,219,41
21/12/2020,Córdoba,111,22
21/12/2020,Granada,219,53
21/12/2020,Huelva,54,9
21/12/2020,Jaén,140,29
21/12/2020,Málaga,154,21
21/12/2020,Sevilla,170,44
22/12/2020,Almería,96,27
22/12/2020,Cádiz,198,40
22/12/2020,Córdoba,108,21
22/12/2020,Granada,215,54
22/12/2020,Huelva,51,9
22/12/2020,Jaén,136,25
22/12/2020,Málaga,166,20
22/12/2020,Sevilla,151,39
23/12/2020,Almería,94,26
23/12/2020,Cádiz,177,40
23/12/2020,Córdoba,106,20
23/12/2020,Granada,212,54
23/12/2020,Huelva,50,9
23/12/2020,Jaén,121,24
23/12/2020,Málaga,160,21
23/12/2020,Sevilla,158,44
25/12/2020,Almería,89,26
25/12/2020,Cádiz,156,42
25/12/2020,Córdoba,99,19
25/12/2020,Granada,182,50
25/12/2020,Huelva,54,11
25/12/2020,Jaén,106,24
25/12/2020,Málaga,146,17
25/12/2020,Sevilla,143,47
26/12/2020,Almería,96,28
26/12/2020,Cádiz,168,37
26/12/2020,Córdoba,99,21
26/12/2020,Granada,181,48
26/12/2020,Huelva,55,9
26/12/2020,Jaén,115,28
26/12/2020,Málaga,158,18
26/12/2020,Sevilla,131,44
27/12/2020,Almería,94,27
27/12/2020,Cádiz,161,34
27/12/2020,Córdoba,95,23
27/12/2020,Granada,186,51
27/12/2020,Huelva,52,9
27/12/2020,Jaén,121,23
27/12/2020,Málaga,165,16
27/12/2020,Sevilla,142,41
28/12/2020,Almería,99,29
28/12/2020,Cádiz,176,33
28/12/2020,Córdoba,100,22
28/12/2020,Granada,189,51
28/12/2020,Huelva,51,9
28/12/2020,Jaén,130,23
28/12/2020,Málaga,166,17
28/12/2020,Sevilla,150,41
29/12/2020,Almería,91,27
29/12/2020,Cádiz,172,31
29/12/2020,Córdoba,105,21
29/12/2020,Granada,186,50
29/12/2020,Huelva,48,8
29/12/2020,Jaén,125,23
29/12/2020,Málaga,152,18
29/12/2020,Sevilla,143,36
30/12/2020,Almería,84,26
30/12/2020,Cádiz,161,33
30/12/2020,Córdoba,107,20
30/12/2020,Granada,170,49
30/12/2020,Huelva,44,8
30/12/2020,Jaén,122,22
30/12/2020,Málaga,154,18
30/12/2020,Sevilla,134,34
01/01/2021,Almería,76,24
01/01/2021,Cádiz,163,33
01/01/2021,Córdoba,99,19
01/01/2021,Granada,144,44
01/01/2021,Huelva,33,9
01/01/2021,Jaén,106,21
01/01/2021,Málaga,148,20
01/01/2021,Sevilla,124,36
02/01/2021,Almería,82,24
02/01/2021,Cádiz,171,34
02/01/2021,Córdoba,99,20
02/01/2021,Granada,152,46
02/01/2021,Huelva,34,11
02/01/2021,Jaén,112,23
02/01/2021,Málaga,152,20
02/01/2021,Sevilla,138,36
03/01/2021,Almería,90,26
03/01/2021,Cádiz,189,31
03/01/2021,Córdoba,106,18
03/01/2021,Granada,159,46
03/01/2021,Huelva,36,11
03/01/2021,Jaén,114,22
03/01/2021,Málaga,167,24
03/01/2021,Sevilla,137,34
04/01/2021,Almería,94,27
04/01/2021,Cádiz,198,33
04/01/2021,Córdoba,114,18
04/01/2021,Granada,171,50
04/01/2021,Huelva,38,11
04/01/2021,Jaén,117,22
04/01/2021,Málaga,184,26
04/01/2021,Sevilla,138,31
05/01/2021,Almería,99,24
05/01/2021,Cádiz,198,31
05/01/2021,Córdoba,116,15
05/01/2021,Granada,176,45
05/01/2021,Huelva,39,11
05/01/2021,Jaén,115,22
05/01/2021,Málaga,189,23
05/01/2021,Sevilla,140,30
06/01/2021,Almería,104,27
06/01/2021,Cádiz,204,27
06/01/2021,Córdoba,108,16
06/01/2021,Granada,185,48
06/01/2021,Huelva,37,11
06/01/2021,Jaén,112,23
06/01/2021,Málaga,188,26
06/01/2021,Sevilla,150,33
07/01/2021,Almería,108,30
07/01/2021,Cádiz,242,32
07/01/2021,Córdoba,119,19
07/01/2021,Granada,185,49
07/01/2021,Huelva,37,11
07/01/2021,Jaén,119,23
07/01/2021,Málaga,216,29
07/01/2021,Sevilla,168,34
08/01/2021,Almería,120,31
08/01/2021,Cádiz,223,32
08/01/2021,Córdoba,135,17
08/01/2021,Granada,189,51
08/01/2021,Huelva,34,11
08/01/2021,Jaén,123,22
08/01/2021,Málaga,236,31
08/01/2021,Sevilla,172,33
09/01/2021,Almería,124,32
09/01/2021,Cádiz,234,35
09/01/2021,Córdoba,145,18
09/01/2021,Granada,199,51
09/01/2021,Huelva,43,13
09/01/2021,Jaén,125,21
09/01/2021,Málaga,250,26
09/01/2021,Sevilla,191,33
10/01/2021,Almería,131,37
10/01/2021,Cádiz,251,37
10/01/2021,Córdoba,157,19
10/01/2021,Granada,210,56
10/01/2021,Huelva,41,13
10/01/2021,Jaén,136,21
10/01/2021,Málaga,271,29
10/01/2021,Sevilla,204,33
11/01/2021,Almería,137,41
11/01/2021,Cádiz,278,44
11/01/2021,Córdoba,163,24
11/01/2021,Granada,234,56
11/01/2021,Huelva,43,11
11/01/2021,Jaén,151,23
11/01/2021,Málaga,309,33
11/01/2021,Sevilla,220,37
12/01/2021,Almería,152,38
12/01/2021,Cádiz,314,48
12/01/2021,Córdoba,178,28
12/01/2021,Granada,255,57
12/01/2021,Huelva,56,13
12/01/2021,Jaén,159,21
12/01/2021,Málaga,352,38
12/01/2021,Sevilla,231,41
13/01/2021,Almería,155,37
13/01/2021,Cádiz,344,48
13/01/2021,Córdoba,182,30
13/01/2021,Granada,263,54
13/01/2021,Huelva,57,16
13/01/2021,Jaén,157,24
13/01/2021,Málaga,386,39
13/01/2021,Sevilla,247,38
14/01/2021,Almería,165,44
14/01/2021,Cádiz,366,55
14/01/2021,Córdoba,170,30
14/01/2021,Granada,292,56
14/01/2021,Huelva,70,16
14/01/2021,Jaén,163,26
14/01/2021,Málaga,411,38
14/01/2021,Sevilla,279,43
15/01/2021,Almería,172,51
15/01/2021,Cádiz,419,55
15/01/2021,Córdoba,172,33
15/01/2021,Granada,311,61
15/01/2021,Huelva,80,16
15/01/2021,Jaén,170,26
15/01/2021,Málaga,453,41
15/01/2021,Sevilla,303,52
16/01/2021,Almería,185,55
16/01/2021,Cádiz,436,57
16/01/2021,Córdoba,181,36
16/01/2021,Granada,334,64
16/01/2021,Huelva,98,14
16/01/2021,Jaén,174,23
16/01/2021,Málaga,487,48
16/01/2021,Sevilla,324,52
17/01/2021,Almería,207,53
17/01/2021,Cádiz,490,59
17/01/2021,Córdoba,205,38
17/01/2021,Granada,366,69
17/01/2021,Huelva,115,15
17/01/2021,Jaén,191,29
17/01/2021,Málaga,540,50
17/01/2021,Sevilla,359,59
18/01/2021,Almería,232,54
18/01/2021,Cádiz,528,58
18/01/2021,Córdoba,239,41
18/01/2021,Granada,390,72
18/01/2021,Huelva,129,14
18/01/2021,Jaén,208,30
18/01/2021,Málaga,583,55
18/01/2021,Sevilla,390,56
19/01/2021,Almería,252,58
19/01/2021,Cádiz,551,61
19/01/2021,Córdoba,258,45
19/01/2021,Granada,389,72
19/01/2021,Huelva,152,14
19/01/2021,Jaén,224,30
19/01/2021,Málaga,628,63
19/01/2021,Sevilla,440,63
20/01/2021,Almería,266,62
20/01/2021,Cádiz,585,64
20/01/2021,Córdoba,272,47
20/01/2021,Granada,394,73
20/01/2021,Huelva,176,14
20/01/2021,Jaén,231,33
20/01/2021,Málaga,638,72
20/01/2021,Sevilla,481,67
21/01/2021,Almería,293,62
21/01/2021,Cádiz,645,73
21/01/2021,Córdoba,290,50
21/01/2021,Granada,413,79
21/01/2021,Huelva,197,16
21/01/2021,Jaén,244,30
21/01/2021,Málaga,701,73
21/01/2021,Sevilla,527,70
22/01/2021,Almería,316,66
22/01/2021,Cádiz,668,76
22/01/2021,Córdoba,316,55
22/01/2021,Granada,442,83
22/01/2021,Huelva,216,19
22/01/2021,Jaén,269,34
22/01/2021,Málaga,744,77
22/01/2021,Sevilla,551,79
23/01/2021,Almería,325,72
23/01/2021,Cádiz,679,81
23/01/2021,Córdoba,310,55
23/01/2021,Granada,465,92
23/01/2021,Huelva,217,19
23/01/2021,Jaén,261,32
23/01/2021,Málaga,785,87
23/01/2021,Sevilla,571,79
24/01/2021,Almería,347,77
24/01/2021,Cádiz,746,86
24/01/2021,Córdoba,327,61
24/01/2021,Granada,487,100
24/01/2021,Huelva,227,20
24/01/2021,Jaén,287,34
24/01/2021,Málaga,836,88
24/01/2021,Sevilla,634,86
25/01/2021,Almería,372,77
25/01/2021,Cádiz,786,90
25/01/2021,Córdoba,365,64
25/01/2021,Granada,524,103
25/01/2021,Huelva,243,22
25/01/2021,Jaén,302,35
25/01/2021,Málaga,859,90
25/01/2021,Sevilla,668,89
26/01/2021,Almería,391,83
26/01/2021,Cádiz,805,92
26/01/2021,Córdoba,373,71
26/01/2021,Granada,551,106
26/01/2021,Huelva,245,22
26/01/2021,Jaén,292,38
26/01/2021,Málaga,891,95
26/01/2021,Sevilla,720,99
27/01/2021,Almería,392,84
27/01/2021,Cádiz,834,92
27/01/2021,Córdoba,389,74
27/01/2021,Granada,576,108
27/01/2021,Huelva,258,25
27/01/2021,Jaén,305,39
27/01/2021,Málaga,942,97
27/01/2021,Sevilla,721,105
28/01/2021,Almería,403,87
28/01/2021,Cádiz,863,101
28/01/2021,Córdoba,399,71
28/01/2021,Granada,598,112
28/01/2021,Huelva,270,29
28/01/2021,Jaén,311,43
28/01/2021,Málaga,915,97
28/01/2021,Sevilla,741,114
29/01/2021,Almería,419,91
29/01/2021,Cádiz,861,110
29/01/2021,Córdoba,412,70
29/01/2021,Granada,602,108
29/01/2021,Huelva,274,31
29/01/2021,Jaén,300,43
29/01/2021,Málaga,912,112
29/01/2021,Sevilla,753,113
30/01/2021,Almería,420,94
30/01/2021,Cádiz,859,107
30/01/2021,Córdoba,406,71
30/01/2021,Granada,593,115
30/01/2021,Huelva,272,33
30/01/2021,Jaén,308,40
30/01/2021,Málaga,927,113
30/01/2021,Sevilla,784,111
31/01/2021,Almería,436,98
31/01/2021,Cádiz,890,107
31/01/2021,Córdoba,422,72
31/01/2021,Granada,636,118
31/01/2021,Huelva,284,30
31/01/2021,Jaén,322,41
31/01/2021,Málaga,977,112
31/01/2021,Sevilla,816,114
01/02/2021,Almería,451,95
01/02/2021,Cádiz,938,109
01/02/2021,Córdoba,452,74
01/02/2021,Granada,659,119
01/02/2021,Huelva,299,33
01/02/2021,Jaén,344,43
01/02/2021,Málaga,1010,114
01/02/2021,Sevilla,827,118
02/02/2021,Almería,460,91
02/02/2021,Cádiz,921,104
02/02/2021,Córdoba,434,73
02/02/2021,Granada,644,121
02/02/2021,Huelva,313,36
02/02/2021,Jaén,354,44
02/02/2021,Málaga,974,114
02/02/2021,Sevilla,811,119
03/02/2021,Almería,465,94
03/02/2021,Cádiz,907,104
03/02/2021,Córdoba,435,73
03/02/2021,Granada,651,120
03/02/2021,Huelva,310,33
03/02/2021,Jaén,352,42
03/02/2021,Málaga,964,122
03/02/2021,Sevilla,783,121
04/02/2021,Almería,450,93
04/02/2021,Cádiz,877,112
04/02/2021,Córdoba,415,73
04/02/2021,Granada,643,118
04/02/2021,Huelva,306,32
04/02/2021,Jaén,338,44
04/02/2021,Málaga,935,123
04/02/2021,Sevilla,778,122
05/02/2021,Almería,432,92
05/02/2021,Cádiz,856,118
05/02/2021,Córdoba,411,73
05/02/2021,Granada,646,120
05/02/2021,Huelva,292,33
05/02/2021,Jaén,325,44
05/02/2021,Málaga,932,119
05/02/2021,Sevilla,761,125
06/02/2021,Almería,414,93
06/02/2021,Cádiz,811,120
06/02/2021,Córdoba,390,75
06/02/2021,Granada,600,117
06/02/2021,Huelva,277,34
06/02/2021,Jaén,297,48
06/02/2021,Málaga,871,127
06/02/2021,Sevilla,699,121
07/02/2021,Almería,420,84
07/02/2021,Cádiz,815,119
07/02/2021,Córdoba,388,73
07/02/2021,Granada,624,117
07/02/2021,Huelva,282,33
07/02/2021,Jaén,302,48
07/02/2021,Málaga,891,123
07/02/2021,Sevilla,692,120
08/02/2021,Almería,438,85
08/02/2021,Cádiz,810,112
08/02/2021,Córdoba,397,79
08/02/2021,Granada,651,122
08/02/2021,Huelva,283,30
08/02/2021,Jaén,317,49
08/02/2021,Málaga,915,125
08/02/2021,Sevilla,680,117
09/02/2021,Almería,412,80
09/02/2021,Cádiz,782,114
09/02/2021,Córdoba,376,82
09/02/2021,Granada,636,116
09/02/2021,Huelva,253,32
09/02/2021,Jaén,291,47
09/02/2021,Málaga,861,129
09/02/2021,Sevilla,663,120
10/02/2021,Almería,389,86
10/02/2021,Cádiz,734,119
10/02/2021,Córdoba,347,81
10/02/2021,Granada,597,114
10/02/2021,Huelva,233,33
10/02/2021,Jaén,285,44
10/02/2021,Málaga,849,127
10/02/2021,Sevilla,638,120
11/02/2021,Almería,368,79
11/02/2021,Cádiz,670,112
11/02/2021,Córdoba,335,79
11/02/2021,Granada,570,110
11/02/2021,Huelva,215,31
11/02/2021,Jaén,275,47
11/02/2021,Málaga,807,123
11/02/2021,Sevilla,623,129
12/02/2021,Almería,358,81
12/02/2021,Cádiz,633,108
12/02/2021,Córdoba,323,75
12/02/2021,Granada,538,107
12/02/2021,Huelva,198,28
12/02/2021,Jaén,267,50
12/02/2021,Málaga,778,118
12/02/2021,Sevilla,600,131
13/02/2021,Almería,328,77
13/02/2021,Cádiz,576,109
13/02/2021,Córdoba,301,77
13/02/2021,Granada,490,105
13/02/2021,Huelva,183,31
13/02/2021,Jaén,248,47
13/02/2021,Málaga,714,107
13/02/2021,Sevilla,549,124
14/02/2021,Almería,337,78
14/02/2021,Cádiz,574,106
14/02/2021,Córdoba,304,71
14/02/2021,Granada,497,104
14/02/2021,Huelva,188,31
14/02/2021,Jaén,252,47
14/02/2021,Málaga,704,111
14/02/2021,Sevilla,541,122
15/02/2021,Almería,331,75
15/02/2021,Cádiz,567,105
15/02/2021,Córdoba,301,69
15/02/2021,Granada,502,103
15/02/2021,Huelva,186,30
15/02/2021,Jaén,255,46
15/02/2021,Málaga,709,112
15/02/2021,Sevilla,537,124
16/02/2021,Almería,319,69
16/02/2021,Cádiz,541,102
16/02/2021,Córdoba,263,68
16/02/2021,Granada,475,99
16/02/2021,Huelva,172,30
16/02/2021,Jaén,237,48
16/02/2021,Málaga,675,105
16/02/2021,Sevilla,509,122
17/02/2021,Almería,286,73
17/02/2021,Cádiz,499,93
17/02/2021,Córdoba,249,61
17/02/2021,Granada,436,101
17/02/2021,Huelva,148,29
17/02/2021,Jaén,220,44
17/02/2021,Málaga,623,100
17/02/2021,Sevilla,482,123
18/02/2021,Almería,267,73
18/02/2021,Cádiz,465,99
18/02/2021,Córdoba,234,61
18/02/2021,Granada,414,103
18/02/2021,Huelva,131,26
18/02/2021,Jaén,200,45
18/02/2021,Málaga,588,101
18/02/2021,Sevilla,447,118
19/02/2021,Almería,244,71
19/02/2021,Cádiz,432,100
19/02/2021,Córdoba,223,61
19/02/2021,Granada,384,104
19/02/2021,Huelva,124,25
19/02/2021,Jaén,197,46
19/02/2021,Málaga,552,92
19/02/2021,Sevilla,421,106
20/02/2021,Almería,239,70
20/02/2021,Cádiz,379,97
20/02/2021,Córdoba,188,62
20/02/2021,Granada,359,101
20/02/2021,Huelva,104,26
20/02/2021,Jaén,174,42
20/02/2021,Málaga,502,85
20/02/2021,Sevilla,388,98
21/02/2021,Almería,244,70
21/02/2021,Cádiz,389,93
21/02/2021,Córdoba,182,61
21/02/2021,Granada,365,98
21/02/2021,Huelva,101,26
21/02/2021,Jaén,178,37
21/02/2021,Málaga,497,84
21/02/2021,Sevilla,382,95
22/02/2021,Almería,244,76
22/02/2021,Cádiz,388,92
22/02/2021,Córdoba,185,59
22/02/2021,Granada,379,99
22/02/2021,Huelva,107,27
22/02/2021,Jaén,178,35
22/02/2021,Málaga,494,84
22/02/2021,Sevilla,377,92
23/02/2021,Almería,240,74
23/02/2021,Cádiz,351,86
23/02/2021,Córdoba,175,55
23/02/2021,Granada,353,98
23/02/2021,Huelva,94,26
23/02/2021,Jaén,172,35
23/02/2021,Málaga,470,76
23/02/2021,Sevilla,353,88
24/02/2021,Almería,225,69
24/02/2021,Cádiz,319,79
24/02/2021,Córdoba,168,50
24/02/2021,Granada,330,92
24/02/2021,Huelva,93,24
24/02/2021,Jaén,162,33
24/02/2021,Málaga,448,70
24/02/2021,Sevilla,342,86
25/02/2021,Almería,215,67
25/02/2021,Cádiz,304,78
25/02/2021,Córdoba,156,46
25/02/2021,Granada,318,87
25/02/2021,Huelva,95,24
25/02/2021,Jaén,143,32
25/02/2021,Málaga,426,69
25/02/2021,Sevilla,328,80
26/02/2021,Almería,206,67
26/02/2021,Cádiz,287,70
26/02/2021,Córdoba,147,42
26/02/2021,Granada,303,81
26/02/2021,Huelva,89,21
26/02/2021,Jaén,157,31
26/02/2021,Málaga,400,60
26/02/2021,Sevilla,303,79
27/02/2021,Almería,189,61
27/02/2021,Cádiz,252,70
27/02/2021,Córdoba,132,40
27/02/2021,Granada,287,81
27/02/2021,Huelva,80,20
27/02/2021,Jaén,140,32
27/02/2021,Málaga,377,57
27/02/2021,Sevilla,285,77
28/02/2021,Almería,191,59
28/02/2021,Cádiz,247,64
28/02/2021,Córdoba,128,40
28/02/2021,Granada,287,80
28/02/2021,Huelva,80,18
28/02/2021,Jaén,146,32
28/02/2021,Málaga,365,59
28/02/2021,Sevilla,273,80
01/03/2021,Almería,192,60
01/03/2021,Cádiz,247,64
01/03/2021,Córdoba,132,40
01/03/2021,Granada,292,74
01/03/2021,Huelva,81,18
01/03/2021,Jaén,144,29
01/03/2021,Málaga,359,57
01/03/2021,Sevilla,268,73
02/03/2021,Almería,196,57
02/03/2021,Cádiz,248,62
02/03/2021,Córdoba,132,37
02/03/2021,Granada,293,79
02/03/2021,Huelva,80,19
02/03/2021,Jaén,143,30
02/03/2021,Málaga,357,51
02/03/2021,Sevilla,268,75
03/03/2021,Almería,177,57
03/03/2021,Cádiz,223,58
03/03/2021,Córdoba,132,34
03/03/2021,Granada,281,71
03/03/2021,Huelva,71,16
03/03/2021,Jaén,130,31
03/03/2021,Málaga,337,52
03/03/2021,Sevilla,274,72
04/03/2021,Almería,165,54
04/03/2021,Cádiz,200,52
04/03/2021,Córdoba,138,32
04/03/2021,Granada,258,67
04/03/2021,Huelva,66,15
04/03/2021,Jaén,117,29
04/03/2021,Málaga,312,48
04/03/2021,Sevilla,246,57
05/03/2021,Almería,165,57
05/03/2021,Cádiz,177,54
05/03/2021,Córdoba,130,33
05/03/2021,Granada,253,62
05/03/2021,Huelva,59,9
05/03/2021,Jaén,118,29
05/03/2021,Málaga,308,50
05/03/2021,Sevilla,247,61
06/03/2021,Almería,154,55
06/03/2021,Cádiz,154,51
06/03/2021,Córdoba,117,33
06/03/2021,Granada,235,60
06/03/2021,Huelva,53,9
06/03/2021,Jaén,113,28
06/03/2021,Málaga,278,48
06/03/2021,Sevilla,216,62
07/03/2021,Almería,150,52
07/03/2021,Cádiz,155,50
07/03/2021,Córdoba,119,32
07/03/2021,Granada,238,65
07/03/2021,Huelva,53,9
07/03/2021,Jaén,116,26
07/03/2021,Málaga,280,45
07/03/2021,Sevilla,204,59
08/03/2021,Almería,158,51
08/03/2021,Cádiz,161,51
08/03/2021,Córdoba,121,30
08/03/2021,Granada,256,64
08/03/2021,Huelva,52,8
08/03/2021,Jaén,119,25
08/03/2021,Málaga,285,43
08/03/2021,Sevilla,221,58
09/03/2021,Almería,148,50
09/03/2021,Cádiz,153,50
09/03/2021,Córdoba,114,26
09/03/2021,Granada,264,64
09/03/2021,Huelva,48,7
09/03/2021,Jaén,110,25
09/03/2021,Málaga,266,42
09/03/2021,Sevilla,213,54
10/03/2021,Almería,139,51
10/03/2021,Cádiz,142,50
10/03/2021,Córdoba,120,26
10/03/2021,Granada,258,63
10/03/2021,Huelva,44,6
10/03/2021,Jaén,111,23
10/03/2021,Málaga,247,38
10/03/2021,Sevilla,200,53
11/03/2021,Almería,133,51
11/03/2021,Cádiz,136,47
11/03/2021,Córdoba,108,26
11/03/2021,Granada,240,61
11/03/2021,Huelva,36,7
11/03/2021,Jaén,98,22
11/03/2021,Málaga,232,37
11/03/2021,Sevilla,197,57
12/03/2021,Almería,123,48
12/03/2021,Cádiz,128,41
12/03/2021,Córdoba,104,24
12/03/2021,Granada,245,58
12/03/2021,Huelva,33,7
12/03/2021,Jaén,93,19
12/03/2021,Málaga,224,33
12/03/2021,Sevilla,209,56
13/03/2021,Almería,116,49
13/03/2021,Cádiz,122,36
13/03/2021,Córdoba,96,21
13/03/2021,Granada,236,62
13/03/2021,Huelva,28,7
13/03/2021,Jaén,94,19
13/03/2021,Málaga,222,32
13/03/2021,Sevilla,192,55
14/03/2021,Almería,129,52
14/03/2021,Cádiz,132,36
14/03/2021,Córdoba,96,23
14/03/2021,Granada,245,62
14/03/2021,Huelva,27,7
14/03/2021,Jaén,95,19
14/03/2021,Málaga,221,30
14/03/2021,Sevilla,200,57
